Sample_ID,Sample_type,Primer_type,Sample_date,Repeat_number,CANCER_value1,CANCER_value2,CANCER_value3,CONTROL_value1,CONTROL_value2,CONTROL_value3,N1N2_value1,N1N2_value2,N1N2_value3,Notes_CANCER,Notes_Control,Notes_CONTROL,Notes_N1N2,qPCR_date_CANCER,qPCR_date_Control,qPCR_date_CONTROL,qPCR_date_N1N2,qPCR_file_CANCER,qPCR_file_Control,qPCR_file_CONTROL,qPCR_file_N1N2
CS-1,eDNA,MarBTN-mt88,2023-06-06,NA,0,0.138335451483727,0,17.9077415466309,20.1973819732666,15.2261514663696,NA,NA,NA,NA,NA,NA,NA,2024-02-15 13:31:30 PM PST,NA,2024-02-15 15:09:24 PM PST,NA,C:\Users\Administrator.pnri97rpk\Desktop\METZGER LAB\ZACH\2024-2-15-mteDNA\2024-2-15-mteDNA-CAN.eds,NA,C:\Users\Administrator.pnri97rpk\Desktop\METZGER LAB\ZACH\2024-2-15-mteDNA\2024-2-15-mteDNA-NORM.eds,NA
CS-2,eDNA,MarBTN-mt88,2023-06-06,NA,0,0,0,32.2160530090332,35.2631340026855,19.6994590759277,NA,NA,NA,NA,NA,NA,NA,2024-02-15 13:31:30 PM PST,NA,2024-02-15 15:09:24 PM PST,NA,C:\Users\Administrator.pnri97rpk\Desktop\METZGER LAB\ZACH\2024-2-15-mteDNA\2024-2-15-mteDNA-CAN.eds,NA,C:\Users\Administrator.pnri97rpk\Desktop\METZGER LAB\ZACH\2024-2-15-mteDNA\2024-2-15-mteDNA-NORM.eds,NA
CS-3,eDNA,MarBTN-mt88,2023-06-06,NA,0,0,0,19.1007785797119,17.4612312316895,16.5436172485352,NA,NA,NA,NA,NA,NA,NA,2024-02-15 13:31:30 PM PST,NA,2024-02-15 15:09:24 PM PST,NA,C:\Users\Administrator.pnri97rpk\Desktop\METZGER LAB\ZACH\2024-2-15-mteDNA\2024-2-15-mteDNA-CAN.eds,NA,C:\Users\Administrator.pnri97rpk\Desktop\METZGER LAB\ZACH\2024-2-15-mteDNA\2024-2-15-mteDNA-NORM.eds,NA
DP-1,eDNA,MarBTN-mt88,2023-08-02,NA,0,0,0,29.3322811126709,25.9186019897461,33.7653274536133,NA,NA,NA,NA,NA,NA,NA,2024-02-15 13:31:30 PM PST,NA,2024-02-15 15:09:24 PM PST,NA,C:\Users\Administrator.pnri97rpk\Desktop\METZGER LAB\ZACH\2024-2-15-mteDNA\2024-2-15-mteDNA-CAN.eds,NA,C:\Users\Administrator.pnri97rpk\Desktop\METZGER LAB\ZACH\2024-2-15-mteDNA\2024-2-15-mteDNA-NORM.eds,NA
DP-2,eDNA,MarBTN-mt88,2023-08-02,NA,0,0,0,32.487361907959,32.2194328308105,42.6839218139648,NA,NA,NA,NA,NA,NA,NA,2024-02-15 13:31:30 PM PST,NA,2024-02-15 15:09:24 PM PST,NA,C:\Users\Administrator.pnri97rpk\Desktop\METZGER LAB\ZACH\2024-2-15-mteDNA\2024-2-15-mteDNA-CAN.eds,NA,C:\Users\Administrator.pnri97rpk\Desktop\METZGER LAB\ZACH\2024-2-15-mteDNA\2024-2-15-mteDNA-NORM.eds,NA
DP-3,eDNA,MarBTN-mt88,2023-08-02,NA,0,0,0,16.4635620117188,22.7857913970947,20.4343700408936,NA,NA,NA,NA,NA,NA,NA,2024-02-15 13:31:30 PM PST,NA,2024-02-15 15:09:24 PM PST,NA,C:\Users\Administrator.pnri97rpk\Desktop\METZGER LAB\ZACH\2024-2-15-mteDNA\2024-2-15-mteDNA-CAN.eds,NA,C:\Users\Administrator.pnri97rpk\Desktop\METZGER LAB\ZACH\2024-2-15-mteDNA\2024-2-15-mteDNA-NORM.eds,NA
EC-1,eDNA,MarBTN-mt88,2023-06-06,NA,0,0,0,0,2.57845211029053,0,NA,NA,NA,NA,NA,NA,NA,2024-08-15 12:30:07 PM PDT,NA,2024-08-15 14:17:02 PM PDT,NA,C:\Users\pnri\Desktop\Metzger Lab\Fiona\2024-08-15_MAFR-MAPB_eDNA_OCT-DEC\2024-08-15_MAFR-MAPB-eDNA_OCT23-DEC23_ECJUN-OCT_MITO_CAN.eds,NA,C:\Users\pnri\Desktop\Metzger Lab\Fiona\2024-08-15_MAFR-MAPB_eDNA_OCT-DEC\2024-08-15_MAFR-MAPB-eDNA_OCT23-DEC23_ECJUN-OCT_MITO_NORM.eds,NA
EC-1,eDNA,MarBTN-mt88,2023-06-07,NA,0,0,0,0,0,1.30058014392853,NA,NA,NA,NA,NA,NA,NA,2024-08-15 12:30:07 PM PDT,NA,2024-08-15 14:17:02 PM PDT,NA,C:\Users\pnri\Desktop\Metzger Lab\Fiona\2024-08-15_MAFR-MAPB_eDNA_OCT-DEC\2024-08-15_MAFR-MAPB-eDNA_OCT23-DEC23_ECJUN-OCT_MITO_CAN.eds,NA,C:\Users\pnri\Desktop\Metzger Lab\Fiona\2024-08-15_MAFR-MAPB_eDNA_OCT-DEC\2024-08-15_MAFR-MAPB-eDNA_OCT23-DEC23_ECJUN-OCT_MITO_NORM.eds,NA
EC-1,eDNA,MarBTN-mt88,2023-06-08,NA,0,0,0,0,0,0,NA,NA,NA,NA,NA,NA,NA,2024-08-15 12:30:07 PM PDT,NA,2024-08-15 14:17:02 PM PDT,NA,C:\Users\pnri\Desktop\Metzger Lab\Fiona\2024-08-15_MAFR-MAPB_eDNA_OCT-DEC\2024-08-15_MAFR-MAPB-eDNA_OCT23-DEC23_ECJUN-OCT_MITO_CAN.eds,NA,C:\Users\pnri\Desktop\Metzger Lab\Fiona\2024-08-15_MAFR-MAPB_eDNA_OCT-DEC\2024-08-15_MAFR-MAPB-eDNA_OCT23-DEC23_ECJUN-OCT_MITO_NORM.eds,NA
EC-1,eDNA,MarBTN-mt88,2023-08-01,NA,0,0,0,0,0,0,NA,NA,NA,NA,NA,NA,NA,2024-08-15 12:30:07 PM PDT,NA,2024-08-15 14:17:02 PM PDT,NA,C:\Users\pnri\Desktop\Metzger Lab\Fiona\2024-08-15_MAFR-MAPB_eDNA_OCT-DEC\2024-08-15_MAFR-MAPB-eDNA_OCT23-DEC23_ECJUN-OCT_MITO_CAN.eds,NA,C:\Users\pnri\Desktop\Metzger Lab\Fiona\2024-08-15_MAFR-MAPB_eDNA_OCT-DEC\2024-08-15_MAFR-MAPB-eDNA_OCT23-DEC23_ECJUN-OCT_MITO_NORM.eds,NA
EC-1,eDNA,MarBTN-mt88,2023-08-02,NA,1.77540826797485,0,0,0,0,0,NA,NA,NA,NA,NA,NA,NA,2024-08-15 12:30:07 PM PDT,NA,2024-08-15 14:17:02 PM PDT,NA,C:\Users\pnri\Desktop\Metzger Lab\Fiona\2024-08-15_MAFR-MAPB_eDNA_OCT-DEC\2024-08-15_MAFR-MAPB-eDNA_OCT23-DEC23_ECJUN-OCT_MITO_CAN.eds,NA,C:\Users\pnri\Desktop\Metzger Lab\Fiona\2024-08-15_MAFR-MAPB_eDNA_OCT-DEC\2024-08-15_MAFR-MAPB-eDNA_OCT23-DEC23_ECJUN-OCT_MITO_NORM.eds,NA
EC-1,eDNA,MarBTN-mt88,2023-10-01,NA,0,0,0,0,1.39536476135254,0,NA,NA,NA,NA,NA,NA,NA,2024-08-15 12:30:07 PM PDT,NA,2024-08-15 14:17:02 PM PDT,NA,C:\Users\pnri\Desktop\Metzger Lab\Fiona\2024-08-15_MAFR-MAPB_eDNA_OCT-DEC\2024-08-15_MAFR-MAPB-eDNA_OCT23-DEC23_ECJUN-OCT_MITO_CAN.eds,NA,C:\Users\pnri\Desktop\Metzger Lab\Fiona\2024-08-15_MAFR-MAPB_eDNA_OCT-DEC\2024-08-15_MAFR-MAPB-eDNA_OCT23-DEC23_ECJUN-OCT_MITO_NORM.eds,NA
EC-1,eDNA,MarBTN-mt88,2023-10-03,NA,0,0,0,NA,NA,NA,NA,NA,NA,NA,NA,NA,NA,2024-08-16 14:09:58 PM PDT,NA,NA,NA,C:\Users\Administrator.pnri97rpk\Desktop\METZGER LAB\Fiona\2024-08-16_EC-OCT-DEC23-MITO-eDNA\2024-08-16_EC-OCT-DEC23_MITO_eDNA_BOTH.eds,NA,NA,NA
EC-1,eDNA,MarBTN-mt88,2023-10-03,NA,NA,NA,NA,NA,NA,NA,NA,NA,NA,NA,NA,NA,NA,NA,NA,NA,NA,NA,NA,NA,NA
EC-1,eDNA,MarBTN-mt88,2023-12-12,NA,0,0,0,NA,NA,NA,NA,NA,NA,NA,NA,NA,NA,2024-08-16 14:09:58 PM PDT,NA,NA,NA,C:\Users\Administrator.pnri97rpk\Desktop\METZGER LAB\Fiona\2024-08-16_EC-OCT-DEC23-MITO-eDNA\2024-08-16_EC-OCT-DEC23_MITO_eDNA_BOTH.eds,NA,NA,NA
EC-1,eDNA,MarBTN-mt88,2023-12-12,NA,NA,NA,NA,NA,NA,NA,NA,NA,NA,NA,NA,NA,NA,NA,NA,NA,NA,NA,NA,NA,NA
EC-2,eDNA,MarBTN-mt88,2023-06-06,NA,0,0,0,0,0,0,NA,NA,NA,NA,NA,NA,NA,2024-08-15 12:30:07 PM PDT,NA,2024-08-15 14:17:02 PM PDT,NA,C:\Users\pnri\Desktop\Metzger Lab\Fiona\2024-08-15_MAFR-MAPB_eDNA_OCT-DEC\2024-08-15_MAFR-MAPB-eDNA_OCT23-DEC23_ECJUN-OCT_MITO_CAN.eds,NA,C:\Users\pnri\Desktop\Metzger Lab\Fiona\2024-08-15_MAFR-MAPB_eDNA_OCT-DEC\2024-08-15_MAFR-MAPB-eDNA_OCT23-DEC23_ECJUN-OCT_MITO_NORM.eds,NA
EC-2,eDNA,MarBTN-mt88,2023-06-07,NA,0,0,0,0,0,0,NA,NA,NA,NA,NA,NA,NA,2024-08-15 12:30:07 PM PDT,NA,2024-08-15 14:17:02 PM PDT,NA,C:\Users\pnri\Desktop\Metzger Lab\Fiona\2024-08-15_MAFR-MAPB_eDNA_OCT-DEC\2024-08-15_MAFR-MAPB-eDNA_OCT23-DEC23_ECJUN-OCT_MITO_CAN.eds,NA,C:\Users\pnri\Desktop\Metzger Lab\Fiona\2024-08-15_MAFR-MAPB_eDNA_OCT-DEC\2024-08-15_MAFR-MAPB-eDNA_OCT23-DEC23_ECJUN-OCT_MITO_NORM.eds,NA
EC-2,eDNA,MarBTN-mt88,2023-06-08,NA,0,0,0,0,0,0,NA,NA,NA,NA,NA,NA,NA,2024-08-15 12:30:07 PM PDT,NA,2024-08-15 14:17:02 PM PDT,NA,C:\Users\pnri\Desktop\Metzger Lab\Fiona\2024-08-15_MAFR-MAPB_eDNA_OCT-DEC\2024-08-15_MAFR-MAPB-eDNA_OCT23-DEC23_ECJUN-OCT_MITO_CAN.eds,NA,C:\Users\pnri\Desktop\Metzger Lab\Fiona\2024-08-15_MAFR-MAPB_eDNA_OCT-DEC\2024-08-15_MAFR-MAPB-eDNA_OCT23-DEC23_ECJUN-OCT_MITO_NORM.eds,NA
EC-2,eDNA,MarBTN-mt88,2023-08-01,NA,0,0,0,0,0,0,NA,NA,NA,NA,NA,NA,NA,2024-08-15 12:30:07 PM PDT,NA,2024-08-15 14:17:02 PM PDT,NA,C:\Users\pnri\Desktop\Metzger Lab\Fiona\2024-08-15_MAFR-MAPB_eDNA_OCT-DEC\2024-08-15_MAFR-MAPB-eDNA_OCT23-DEC23_ECJUN-OCT_MITO_CAN.eds,NA,C:\Users\pnri\Desktop\Metzger Lab\Fiona\2024-08-15_MAFR-MAPB_eDNA_OCT-DEC\2024-08-15_MAFR-MAPB-eDNA_OCT23-DEC23_ECJUN-OCT_MITO_NORM.eds,NA
EC-2,eDNA,MarBTN-mt88,2023-08-02,NA,0,0,0,0,0,0,NA,NA,NA,NA,NA,NA,NA,2024-08-15 12:30:07 PM PDT,NA,2024-08-15 14:17:02 PM PDT,NA,C:\Users\pnri\Desktop\Metzger Lab\Fiona\2024-08-15_MAFR-MAPB_eDNA_OCT-DEC\2024-08-15_MAFR-MAPB-eDNA_OCT23-DEC23_ECJUN-OCT_MITO_CAN.eds,NA,C:\Users\pnri\Desktop\Metzger Lab\Fiona\2024-08-15_MAFR-MAPB_eDNA_OCT-DEC\2024-08-15_MAFR-MAPB-eDNA_OCT23-DEC23_ECJUN-OCT_MITO_NORM.eds,NA
EC-2,eDNA,MarBTN-mt88,2023-10-01,NA,0,0,0,0,0,0,NA,NA,NA,NA,NA,NA,NA,2024-08-15 12:30:07 PM PDT,NA,2024-08-15 14:17:02 PM PDT,NA,C:\Users\pnri\Desktop\Metzger Lab\Fiona\2024-08-15_MAFR-MAPB_eDNA_OCT-DEC\2024-08-15_MAFR-MAPB-eDNA_OCT23-DEC23_ECJUN-OCT_MITO_CAN.eds,NA,C:\Users\pnri\Desktop\Metzger Lab\Fiona\2024-08-15_MAFR-MAPB_eDNA_OCT-DEC\2024-08-15_MAFR-MAPB-eDNA_OCT23-DEC23_ECJUN-OCT_MITO_NORM.eds,NA
EC-2,eDNA,MarBTN-mt88,2023-10-03,NA,0,0,0,NA,NA,NA,NA,NA,NA,NA,NA,NA,NA,2024-08-16 14:09:58 PM PDT,NA,NA,NA,C:\Users\Administrator.pnri97rpk\Desktop\METZGER LAB\Fiona\2024-08-16_EC-OCT-DEC23-MITO-eDNA\2024-08-16_EC-OCT-DEC23_MITO_eDNA_BOTH.eds,NA,NA,NA
EC-2,eDNA,MarBTN-mt88,2023-10-03,NA,NA,NA,NA,NA,NA,NA,NA,NA,NA,NA,NA,NA,NA,NA,NA,NA,NA,NA,NA,NA,NA
EC-2,eDNA,MarBTN-mt88,2023-12-12,NA,0,0,0,NA,NA,NA,NA,NA,NA,NA,NA,NA,NA,2024-08-16 14:09:58 PM PDT,NA,NA,NA,C:\Users\Administrator.pnri97rpk\Desktop\METZGER LAB\Fiona\2024-08-16_EC-OCT-DEC23-MITO-eDNA\2024-08-16_EC-OCT-DEC23_MITO_eDNA_BOTH.eds,NA,NA,NA
EC-2,eDNA,MarBTN-mt88,2023-12-12,NA,NA,NA,NA,NA,NA,NA,NA,NA,NA,NA,NA,NA,NA,NA,NA,NA,NA,NA,NA,NA,NA
MAFR-1,eDNA,MarBTN-mt88,2023-02-27,NA,0,0,0,10.994854927063,0,2.29251289367676,NA,NA,NA,NA,NA,NA,NA,2024-08-14 15:20:50 PM PDT,NA,2024-08-14 17:03:32 PM PDT,NA,C:\Users\Administrator.pnri97rpk\Desktop\METZGER LAB\Fiona\2024-08-14_MAFR-MAPB-feb23-aug23_eDNA\2024-08-14_MAFR-MAPB_eDNA_feb23-aug23_mitochondria.eds,NA,C:\Users\Administrator.pnri97rpk\Desktop\METZGER LAB\Fiona\2024-08-14_MAFR-MAPB-feb23-aug23_eDNA\2024-08-14_MAFR-MAPB_eDNA_feb23-aug23_mito_NORMAL.eds,NA
MAFR-1,eDNA,MarBTN-mt88,2023-04-12,NA,0,0,0,40.7559127807617,37.867603302002,54.2444000244141,NA,NA,NA,NA,NA,NA,NA,2024-08-14 15:20:50 PM PDT,NA,2024-08-14 17:03:32 PM PDT,NA,C:\Users\Administrator.pnri97rpk\Desktop\METZGER LAB\Fiona\2024-08-14_MAFR-MAPB-feb23-aug23_eDNA\2024-08-14_MAFR-MAPB_eDNA_feb23-aug23_mitochondria.eds,NA,C:\Users\Administrator.pnri97rpk\Desktop\METZGER LAB\Fiona\2024-08-14_MAFR-MAPB-feb23-aug23_eDNA\2024-08-14_MAFR-MAPB_eDNA_feb23-aug23_mito_NORMAL.eds,NA
MAFR-1,eDNA,MarBTN-mt88,2023-06-07,NA,13.4843492507935,5.04041051864624,13.3908061981201,223.198577880859,221.543014526367,209.259902954102,NA,NA,NA,NA,NA,NA,NA,2024-08-14 15:20:50 PM PDT,NA,2024-08-14 17:03:32 PM PDT,NA,C:\Users\Administrator.pnri97rpk\Desktop\METZGER LAB\Fiona\2024-08-14_MAFR-MAPB-feb23-aug23_eDNA\2024-08-14_MAFR-MAPB_eDNA_feb23-aug23_mitochondria.eds,NA,C:\Users\Administrator.pnri97rpk\Desktop\METZGER LAB\Fiona\2024-08-14_MAFR-MAPB-feb23-aug23_eDNA\2024-08-14_MAFR-MAPB_eDNA_feb23-aug23_mito_NORMAL.eds,NA
MAFR-1,eDNA,MarBTN-mt88,2023-08-02,NA,0,0,2.43472814559937,2237.41772460938,2227.43896484375,2498.72998046875,NA,NA,NA,NA,NA,NA,NA,2024-08-14 15:20:50 PM PDT,NA,2024-08-14 17:03:32 PM PDT,NA,C:\Users\Administrator.pnri97rpk\Desktop\METZGER LAB\Fiona\2024-08-14_MAFR-MAPB-feb23-aug23_eDNA\2024-08-14_MAFR-MAPB_eDNA_feb23-aug23_mitochondria.eds,NA,C:\Users\Administrator.pnri97rpk\Desktop\METZGER LAB\Fiona\2024-08-14_MAFR-MAPB-feb23-aug23_eDNA\2024-08-14_MAFR-MAPB_eDNA_feb23-aug23_mito_NORMAL.eds,NA
MAFR-1,eDNA,MarBTN-mt88,2023-10-03,NA,0,0,0,132.845245361328,160.740127563477,155.410461425781,NA,NA,NA,NA,NA,NA,NA,2024-08-15 12:30:07 PM PDT,NA,2024-08-15 14:17:02 PM PDT,NA,C:\Users\pnri\Desktop\Metzger Lab\Fiona\2024-08-15_MAFR-MAPB_eDNA_OCT-DEC\2024-08-15_MAFR-MAPB-eDNA_OCT23-DEC23_ECJUN-OCT_MITO_CAN.eds,NA,C:\Users\pnri\Desktop\Metzger Lab\Fiona\2024-08-15_MAFR-MAPB_eDNA_OCT-DEC\2024-08-15_MAFR-MAPB-eDNA_OCT23-DEC23_ECJUN-OCT_MITO_NORM.eds,NA
MAFR-1,eDNA,MarBTN-mt88,2023-12-12,NA,0,0,0,0,0,0,NA,NA,NA,NA,NA,NA,NA,2024-08-15 12:30:07 PM PDT,NA,2024-08-15 14:17:02 PM PDT,NA,C:\Users\pnri\Desktop\Metzger Lab\Fiona\2024-08-15_MAFR-MAPB_eDNA_OCT-DEC\2024-08-15_MAFR-MAPB-eDNA_OCT23-DEC23_ECJUN-OCT_MITO_CAN.eds,NA,C:\Users\pnri\Desktop\Metzger Lab\Fiona\2024-08-15_MAFR-MAPB_eDNA_OCT-DEC\2024-08-15_MAFR-MAPB-eDNA_OCT23-DEC23_ECJUN-OCT_MITO_NORM.eds,NA
MAFR-1,eDNA,MarBTN-mt88,2024-02-13,NA,4.71205759048462,0,0,127.936462402344,112.437614440918,96.4064712524414,NA,NA,NA,NA,NA,NA,NA,Not Started,NA,Not Started,NA,C:\Users\pnri\Desktop\Metzger Lab\Fiona\2025-05-02_eDNA2024-feb-aug-MAPB-MAFR\2025-05-02_MAFReDNA-MAPBeDNA-feb-aug-2024_can.eds,NA,C:\Users\pnri\Desktop\Metzger Lab\Fiona\2025-05-02_eDNA2024-feb-aug-MAPB-MAFR\2025-05-02_MAFReDNA-MAPBeDNA-feb-aug-2024_norm.eds,NA
MAFR-1,eDNA,MarBTN-mt88,2024-04-10,NA,0,0,0,48.7553825378418,66.6668472290039,49.0348434448242,NA,NA,NA,NA,NA,NA,NA,Not Started,NA,Not Started,NA,C:\Users\pnri\Desktop\Metzger Lab\Fiona\2025-05-02_eDNA2024-feb-aug-MAPB-MAFR\2025-05-02_MAFReDNA-MAPBeDNA-feb-aug-2024_can.eds,NA,C:\Users\pnri\Desktop\Metzger Lab\Fiona\2025-05-02_eDNA2024-feb-aug-MAPB-MAFR\2025-05-02_MAFReDNA-MAPBeDNA-feb-aug-2024_norm.eds,NA
MAFR-1,eDNA,MarBTN-mt88,2024-06-24,NA,0,0,0,33.4041442871094,12.9826259613037,0,NA,NA,NA,NA,NA,NA,NA,Not Started,NA,Not Started,NA,C:\Users\pnri\Desktop\Metzger Lab\Fiona\2025-05-02_eDNA2024-feb-aug-MAPB-MAFR\2025-05-02_MAFReDNA-MAPBeDNA-feb-aug-2024_can.eds,NA,C:\Users\pnri\Desktop\Metzger Lab\Fiona\2025-05-02_eDNA2024-feb-aug-MAPB-MAFR\2025-05-02_MAFReDNA-MAPBeDNA-feb-aug-2024_norm.eds,NA
MAFR-1,eDNA,MarBTN-mt88,2024-08-21,NA,0,4.03313636779785,0,58.8481788635254,75.8856735229492,69.6771774291992,NA,NA,NA,NA,NA,NA,NA,Not Started,NA,Not Started,NA,C:\Users\pnri\Desktop\Metzger Lab\Fiona\2025-05-02_eDNA2024-feb-aug-MAPB-MAFR\2025-05-02_MAFReDNA-MAPBeDNA-feb-aug-2024_can.eds,NA,C:\Users\pnri\Desktop\Metzger Lab\Fiona\2025-05-02_eDNA2024-feb-aug-MAPB-MAFR\2025-05-02_MAFReDNA-MAPBeDNA-feb-aug-2024_norm.eds,NA
MAFR-1,eDNA,MarBTN-mt88,2024-10-15,NA,0,0,0,24.3123989105225,31.5727691650391,45.9454002380371,NA,NA,NA,NA,NA,NA,NA,2025-05-02 14:38:14 PM PDT,NA,2025-05-02 16:45:11 PM PDT,NA,C:\Users\Administrator.pnri97rpk\Desktop\METZGER LAB\Fiona\2025-05-02_eDNA-2024-oct-dec-mafr-mapb\2025-05-02_eDNA-oct-dec-mafr-mapb-2024-can.eds,NA,C:\Users\Administrator.pnri97rpk\Desktop\METZGER LAB\Fiona\2025-05-02_eDNA-2024-oct-dec-mafr-mapb\2025-05-02_eDNA-oct-dec-mafr-mapb-2024-norm.eds,NA
MAFR-1,eDNA,MarBTN-mt88,2024-12-09,NA,0,0,0,11.1920757293701,4.9381947517395,4.78295707702637,NA,NA,NA,NA,NA,NA,NA,2025-05-02 14:38:14 PM PDT,NA,2025-05-02 16:45:11 PM PDT,NA,C:\Users\Administrator.pnri97rpk\Desktop\METZGER LAB\Fiona\2025-05-02_eDNA-2024-oct-dec-mafr-mapb\2025-05-02_eDNA-oct-dec-mafr-mapb-2024-can.eds,NA,C:\Users\Administrator.pnri97rpk\Desktop\METZGER LAB\Fiona\2025-05-02_eDNA-2024-oct-dec-mafr-mapb\2025-05-02_eDNA-oct-dec-mafr-mapb-2024-norm.eds,NA
MAFR-2,eDNA,MarBTN-mt88,2023-02-27,NA,0,0,0,11.463698387146,0,6.51376152038574,NA,NA,NA,NA,NA,NA,NA,2024-08-14 15:20:50 PM PDT,NA,2024-08-14 17:03:32 PM PDT,NA,C:\Users\Administrator.pnri97rpk\Desktop\METZGER LAB\Fiona\2024-08-14_MAFR-MAPB-feb23-aug23_eDNA\2024-08-14_MAFR-MAPB_eDNA_feb23-aug23_mitochondria.eds,NA,C:\Users\Administrator.pnri97rpk\Desktop\METZGER LAB\Fiona\2024-08-14_MAFR-MAPB-feb23-aug23_eDNA\2024-08-14_MAFR-MAPB_eDNA_feb23-aug23_mito_NORMAL.eds,NA
MAFR-2,eDNA,MarBTN-mt88,2023-04-12,NA,0,0,0,37.9536590576172,23.690788269043,32.0318222045898,NA,NA,NA,NA,NA,NA,NA,2024-08-14 15:20:50 PM PDT,NA,2024-08-14 17:03:32 PM PDT,NA,C:\Users\Administrator.pnri97rpk\Desktop\METZGER LAB\Fiona\2024-08-14_MAFR-MAPB-feb23-aug23_eDNA\2024-08-14_MAFR-MAPB_eDNA_feb23-aug23_mitochondria.eds,NA,C:\Users\Administrator.pnri97rpk\Desktop\METZGER LAB\Fiona\2024-08-14_MAFR-MAPB-feb23-aug23_eDNA\2024-08-14_MAFR-MAPB_eDNA_feb23-aug23_mito_NORMAL.eds,NA
MAFR-2,eDNA,MarBTN-mt88,2023-06-07,NA,6.17430353164673,7.82157611846924,4.23060417175293,75.1450119018555,53.5892715454102,76.0068435668945,NA,NA,NA,NA,NA,NA,NA,2024-08-14 15:20:50 PM PDT,NA,2024-08-14 17:03:32 PM PDT,NA,C:\Users\Administrator.pnri97rpk\Desktop\METZGER LAB\Fiona\2024-08-14_MAFR-MAPB-feb23-aug23_eDNA\2024-08-14_MAFR-MAPB_eDNA_feb23-aug23_mitochondria.eds,NA,C:\Users\Administrator.pnri97rpk\Desktop\METZGER LAB\Fiona\2024-08-14_MAFR-MAPB-feb23-aug23_eDNA\2024-08-14_MAFR-MAPB_eDNA_feb23-aug23_mito_NORMAL.eds,NA
MAFR-2,eDNA,MarBTN-mt88,2023-08-02,NA,0,0,1.05675709247589,2051.18286132812,2513.16552734375,2532.25927734375,NA,NA,NA,NA,NA,NA,NA,2024-08-14 15:20:50 PM PDT,NA,2024-08-14 17:03:32 PM PDT,NA,C:\Users\Administrator.pnri97rpk\Desktop\METZGER LAB\Fiona\2024-08-14_MAFR-MAPB-feb23-aug23_eDNA\2024-08-14_MAFR-MAPB_eDNA_feb23-aug23_mitochondria.eds,NA,C:\Users\Administrator.pnri97rpk\Desktop\METZGER LAB\Fiona\2024-08-14_MAFR-MAPB-feb23-aug23_eDNA\2024-08-14_MAFR-MAPB_eDNA_feb23-aug23_mito_NORMAL.eds,NA
MAFR-2,eDNA,MarBTN-mt88,2023-10-03,NA,2.60051918029785,1.31415903568268,2.88862252235413,118.504989624023,126.081016540527,96.772705078125,NA,NA,NA,NA,NA,NA,NA,2024-08-15 12:30:07 PM PDT,NA,2024-08-15 14:17:02 PM PDT,NA,C:\Users\pnri\Desktop\Metzger Lab\Fiona\2024-08-15_MAFR-MAPB_eDNA_OCT-DEC\2024-08-15_MAFR-MAPB-eDNA_OCT23-DEC23_ECJUN-OCT_MITO_CAN.eds,NA,C:\Users\pnri\Desktop\Metzger Lab\Fiona\2024-08-15_MAFR-MAPB_eDNA_OCT-DEC\2024-08-15_MAFR-MAPB-eDNA_OCT23-DEC23_ECJUN-OCT_MITO_NORM.eds,NA
MAFR-2,eDNA,MarBTN-mt88,2023-12-12,NA,0,0,0,16.4921436309814,9.60116195678711,6.31358242034912,NA,NA,NA,NA,NA,NA,NA,2024-08-15 12:30:07 PM PDT,NA,2024-08-15 14:17:02 PM PDT,NA,C:\Users\pnri\Desktop\Metzger Lab\Fiona\2024-08-15_MAFR-MAPB_eDNA_OCT-DEC\2024-08-15_MAFR-MAPB-eDNA_OCT23-DEC23_ECJUN-OCT_MITO_CAN.eds,NA,C:\Users\pnri\Desktop\Metzger Lab\Fiona\2024-08-15_MAFR-MAPB_eDNA_OCT-DEC\2024-08-15_MAFR-MAPB-eDNA_OCT23-DEC23_ECJUN-OCT_MITO_NORM.eds,NA
MAFR-2,eDNA,MarBTN-mt88,2024-02-13,NA,0,0,5.13285064697266,46.5952529907227,35.4901008605957,36.7533798217773,NA,NA,NA,NA,NA,NA,NA,Not Started,NA,Not Started,NA,C:\Users\pnri\Desktop\Metzger Lab\Fiona\2025-05-02_eDNA2024-feb-aug-MAPB-MAFR\2025-05-02_MAFReDNA-MAPBeDNA-feb-aug-2024_can.eds,NA,C:\Users\pnri\Desktop\Metzger Lab\Fiona\2025-05-02_eDNA2024-feb-aug-MAPB-MAFR\2025-05-02_MAFReDNA-MAPBeDNA-feb-aug-2024_norm.eds,NA
MAFR-2,eDNA,MarBTN-mt88,2024-04-10,NA,0,0,5.51351356506348,69.217041015625,51.0779876708984,57.6699295043945,NA,NA,NA,NA,NA,NA,NA,Not Started,NA,Not Started,NA,C:\Users\pnri\Desktop\Metzger Lab\Fiona\2025-05-02_eDNA2024-feb-aug-MAPB-MAFR\2025-05-02_MAFReDNA-MAPBeDNA-feb-aug-2024_can.eds,NA,C:\Users\pnri\Desktop\Metzger Lab\Fiona\2025-05-02_eDNA2024-feb-aug-MAPB-MAFR\2025-05-02_MAFReDNA-MAPBeDNA-feb-aug-2024_norm.eds,NA
MAFR-2,eDNA,MarBTN-mt88,2024-06-24,NA,0,0,0,20.0389270782471,23.8350467681885,35.6604347229004,NA,NA,NA,NA,NA,NA,NA,Not Started,NA,Not Started,NA,C:\Users\pnri\Desktop\Metzger Lab\Fiona\2025-05-02_eDNA2024-feb-aug-MAPB-MAFR\2025-05-02_MAFReDNA-MAPBeDNA-feb-aug-2024_can.eds,NA,C:\Users\pnri\Desktop\Metzger Lab\Fiona\2025-05-02_eDNA2024-feb-aug-MAPB-MAFR\2025-05-02_MAFReDNA-MAPBeDNA-feb-aug-2024_norm.eds,NA
MAFR-2,eDNA,MarBTN-mt88,2024-08-21,NA,0,0,0,87.378173828125,79.0891571044922,123.639984130859,NA,NA,NA,NA,NA,NA,NA,Not Started,NA,Not Started,NA,C:\Users\pnri\Desktop\Metzger Lab\Fiona\2025-05-02_eDNA2024-feb-aug-MAPB-MAFR\2025-05-02_MAFReDNA-MAPBeDNA-feb-aug-2024_can.eds,NA,C:\Users\pnri\Desktop\Metzger Lab\Fiona\2025-05-02_eDNA2024-feb-aug-MAPB-MAFR\2025-05-02_MAFReDNA-MAPBeDNA-feb-aug-2024_norm.eds,NA
MAFR-2,eDNA,MarBTN-mt88,2024-10-15,NA,0,0,0,29.7030124664307,33.3189163208008,34.8089904785156,NA,NA,NA,NA,NA,NA,NA,2025-05-02 14:38:14 PM PDT,NA,2025-05-02 16:45:11 PM PDT,NA,C:\Users\Administrator.pnri97rpk\Desktop\METZGER LAB\Fiona\2025-05-02_eDNA-2024-oct-dec-mafr-mapb\2025-05-02_eDNA-oct-dec-mafr-mapb-2024-can.eds,NA,C:\Users\Administrator.pnri97rpk\Desktop\METZGER LAB\Fiona\2025-05-02_eDNA-2024-oct-dec-mafr-mapb\2025-05-02_eDNA-oct-dec-mafr-mapb-2024-norm.eds,NA
MAFR-2,eDNA,MarBTN-mt88,2024-12-09,NA,1.66879117488861,8.15043544769287,0,23.9130992889404,23.0732440948486,22.5307960510254,NA,NA,NA,NA,NA,NA,NA,2025-05-02 14:38:14 PM PDT,NA,2025-05-02 16:45:11 PM PDT,NA,C:\Users\Administrator.pnri97rpk\Desktop\METZGER LAB\Fiona\2025-05-02_eDNA-2024-oct-dec-mafr-mapb\2025-05-02_eDNA-oct-dec-mafr-mapb-2024-can.eds,NA,C:\Users\Administrator.pnri97rpk\Desktop\METZGER LAB\Fiona\2025-05-02_eDNA-2024-oct-dec-mafr-mapb\2025-05-02_eDNA-oct-dec-mafr-mapb-2024-norm.eds,NA
MAFR-3,eDNA,MarBTN-mt88,2023-02-27,NA,0,0,3.63405537605286,6.51673603057861,6.08172750473022,1.75638723373413,NA,NA,NA,NA,NA,NA,NA,2024-08-14 15:20:50 PM PDT,NA,2024-08-14 17:03:32 PM PDT,NA,C:\Users\Administrator.pnri97rpk\Desktop\METZGER LAB\Fiona\2024-08-14_MAFR-MAPB-feb23-aug23_eDNA\2024-08-14_MAFR-MAPB_eDNA_feb23-aug23_mitochondria.eds,NA,C:\Users\Administrator.pnri97rpk\Desktop\METZGER LAB\Fiona\2024-08-14_MAFR-MAPB-feb23-aug23_eDNA\2024-08-14_MAFR-MAPB_eDNA_feb23-aug23_mito_NORMAL.eds,NA
MAFR-3,eDNA,MarBTN-mt88,2023-04-12,NA,0,0,2.32643699645996,20.1963005065918,22.8831539154053,36.6930999755859,NA,NA,NA,NA,NA,NA,NA,2024-08-14 15:20:50 PM PDT,NA,2024-08-14 17:03:32 PM PDT,NA,C:\Users\Administrator.pnri97rpk\Desktop\METZGER LAB\Fiona\2024-08-14_MAFR-MAPB-feb23-aug23_eDNA\2024-08-14_MAFR-MAPB_eDNA_feb23-aug23_mitochondria.eds,NA,C:\Users\Administrator.pnri97rpk\Desktop\METZGER LAB\Fiona\2024-08-14_MAFR-MAPB-feb23-aug23_eDNA\2024-08-14_MAFR-MAPB_eDNA_feb23-aug23_mito_NORMAL.eds,NA
MAFR-3,eDNA,MarBTN-mt88,2023-06-07,NA,6.03782272338867,13.9571266174316,11.0915069580078,109.061210632324,108.284149169922,88.4937438964844,NA,NA,NA,NA,NA,NA,NA,2024-08-14 15:20:50 PM PDT,NA,2024-08-14 17:03:32 PM PDT,NA,C:\Users\Administrator.pnri97rpk\Desktop\METZGER LAB\Fiona\2024-08-14_MAFR-MAPB-feb23-aug23_eDNA\2024-08-14_MAFR-MAPB_eDNA_feb23-aug23_mitochondria.eds,NA,C:\Users\Administrator.pnri97rpk\Desktop\METZGER LAB\Fiona\2024-08-14_MAFR-MAPB-feb23-aug23_eDNA\2024-08-14_MAFR-MAPB_eDNA_feb23-aug23_mito_NORMAL.eds,NA
MAFR-3,eDNA,MarBTN-mt88,2023-08-02,NA,0,1.32136023044586,0,2924.72412109375,3163.15234375,2816.06201171875,NA,NA,NA,NA,NA,NA,NA,2024-08-14 15:20:50 PM PDT,NA,2024-08-14 17:03:32 PM PDT,NA,C:\Users\Administrator.pnri97rpk\Desktop\METZGER LAB\Fiona\2024-08-14_MAFR-MAPB-feb23-aug23_eDNA\2024-08-14_MAFR-MAPB_eDNA_feb23-aug23_mitochondria.eds,NA,C:\Users\Administrator.pnri97rpk\Desktop\METZGER LAB\Fiona\2024-08-14_MAFR-MAPB-feb23-aug23_eDNA\2024-08-14_MAFR-MAPB_eDNA_feb23-aug23_mito_NORMAL.eds,NA
MAFR-3,eDNA,MarBTN-mt88,2023-10-03,NA,0,0,0,59.0630683898926,75.3229827880859,87.1656799316406,NA,NA,NA,NA,NA,NA,NA,2024-08-15 12:30:07 PM PDT,NA,2024-08-15 14:17:02 PM PDT,NA,C:\Users\pnri\Desktop\Metzger Lab\Fiona\2024-08-15_MAFR-MAPB_eDNA_OCT-DEC\2024-08-15_MAFR-MAPB-eDNA_OCT23-DEC23_ECJUN-OCT_MITO_CAN.eds,NA,C:\Users\pnri\Desktop\Metzger Lab\Fiona\2024-08-15_MAFR-MAPB_eDNA_OCT-DEC\2024-08-15_MAFR-MAPB-eDNA_OCT23-DEC23_ECJUN-OCT_MITO_NORM.eds,NA
MAFR-3,eDNA,MarBTN-mt88,2023-12-12,NA,0,0,0,13.3649711608887,19.236255645752,6.5928258895874,NA,NA,NA,NA,NA,NA,NA,2024-08-15 12:30:07 PM PDT,NA,2024-08-15 14:17:02 PM PDT,NA,C:\Users\pnri\Desktop\Metzger Lab\Fiona\2024-08-15_MAFR-MAPB_eDNA_OCT-DEC\2024-08-15_MAFR-MAPB-eDNA_OCT23-DEC23_ECJUN-OCT_MITO_CAN.eds,NA,C:\Users\pnri\Desktop\Metzger Lab\Fiona\2024-08-15_MAFR-MAPB_eDNA_OCT-DEC\2024-08-15_MAFR-MAPB-eDNA_OCT23-DEC23_ECJUN-OCT_MITO_NORM.eds,NA
MAFR-3,eDNA,MarBTN-mt88,2024-02-13,NA,0,2.86039519309998,5.43626403808594,125.691719055176,147.093215942383,153.370407104492,NA,NA,NA,NA,NA,NA,NA,Not Started,NA,Not Started,NA,C:\Users\pnri\Desktop\Metzger Lab\Fiona\2025-05-02_eDNA2024-feb-aug-MAPB-MAFR\2025-05-02_MAFReDNA-MAPBeDNA-feb-aug-2024_can.eds,NA,C:\Users\pnri\Desktop\Metzger Lab\Fiona\2025-05-02_eDNA2024-feb-aug-MAPB-MAFR\2025-05-02_MAFReDNA-MAPBeDNA-feb-aug-2024_norm.eds,NA
MAFR-3,eDNA,MarBTN-mt88,2024-04-10,NA,6.66614294052124,36.3065757751465,19.8511295318604,102.925392150879,85.3979339599609,87.7895355224609,NA,NA,NA,NA,NA,NA,NA,Not Started,NA,Not Started,NA,C:\Users\pnri\Desktop\Metzger Lab\Fiona\2025-05-02_eDNA2024-feb-aug-MAPB-MAFR\2025-05-02_MAFReDNA-MAPBeDNA-feb-aug-2024_can.eds,NA,C:\Users\pnri\Desktop\Metzger Lab\Fiona\2025-05-02_eDNA2024-feb-aug-MAPB-MAFR\2025-05-02_MAFReDNA-MAPBeDNA-feb-aug-2024_norm.eds,NA
MAFR-3,eDNA,MarBTN-mt88,2024-06-24,NA,0,0,0,25.8250961303711,43.5025215148926,33.8813209533691,NA,NA,NA,NA,NA,NA,NA,Not Started,NA,Not Started,NA,C:\Users\pnri\Desktop\Metzger Lab\Fiona\2025-05-02_eDNA2024-feb-aug-MAPB-MAFR\2025-05-02_MAFReDNA-MAPBeDNA-feb-aug-2024_can.eds,NA,C:\Users\pnri\Desktop\Metzger Lab\Fiona\2025-05-02_eDNA2024-feb-aug-MAPB-MAFR\2025-05-02_MAFReDNA-MAPBeDNA-feb-aug-2024_norm.eds,NA
MAFR-3,eDNA,MarBTN-mt88,2024-08-21,NA,0,0,0,76.2021179199219,75.7979278564453,68.3835830688477,NA,NA,NA,NA,NA,NA,NA,Not Started,NA,Not Started,NA,C:\Users\pnri\Desktop\Metzger Lab\Fiona\2025-05-02_eDNA2024-feb-aug-MAPB-MAFR\2025-05-02_MAFReDNA-MAPBeDNA-feb-aug-2024_can.eds,NA,C:\Users\pnri\Desktop\Metzger Lab\Fiona\2025-05-02_eDNA2024-feb-aug-MAPB-MAFR\2025-05-02_MAFReDNA-MAPBeDNA-feb-aug-2024_norm.eds,NA
MAFR-3,eDNA,MarBTN-mt88,2024-10-15,NA,0,0,0,25.3017234802246,39.305004119873,41.9871368408203,NA,NA,NA,NA,NA,NA,NA,2025-05-02 14:38:14 PM PDT,NA,2025-05-02 16:45:11 PM PDT,NA,C:\Users\Administrator.pnri97rpk\Desktop\METZGER LAB\Fiona\2025-05-02_eDNA-2024-oct-dec-mafr-mapb\2025-05-02_eDNA-oct-dec-mafr-mapb-2024-can.eds,NA,C:\Users\Administrator.pnri97rpk\Desktop\METZGER LAB\Fiona\2025-05-02_eDNA-2024-oct-dec-mafr-mapb\2025-05-02_eDNA-oct-dec-mafr-mapb-2024-norm.eds,NA
MAFR-3,eDNA,MarBTN-mt88,2024-12-09,NA,0,0,0,27.1279582977295,33.4740676879883,32.9921417236328,NA,NA,NA,NA,NA,NA,NA,2025-05-02 14:38:14 PM PDT,NA,2025-05-02 16:45:11 PM PDT,NA,C:\Users\Administrator.pnri97rpk\Desktop\METZGER LAB\Fiona\2025-05-02_eDNA-2024-oct-dec-mafr-mapb\2025-05-02_eDNA-oct-dec-mafr-mapb-2024-can.eds,NA,C:\Users\Administrator.pnri97rpk\Desktop\METZGER LAB\Fiona\2025-05-02_eDNA-2024-oct-dec-mafr-mapb\2025-05-02_eDNA-oct-dec-mafr-mapb-2024-norm.eds,NA
MAFR-EC1,eDNA,MarBTN-mt88,2024-02-13,NA,0,0,0,0,7.81615591049194,0,NA,NA,NA,NA,NA,NA,NA,2025-05-02 14:38:14 PM PDT,NA,2025-05-02 16:45:11 PM PDT,NA,C:\Users\Administrator.pnri97rpk\Desktop\METZGER LAB\Fiona\2025-05-02_eDNA-2024-oct-dec-mafr-mapb\2025-05-02_eDNA-oct-dec-mafr-mapb-2024-can.eds,NA,C:\Users\Administrator.pnri97rpk\Desktop\METZGER LAB\Fiona\2025-05-02_eDNA-2024-oct-dec-mafr-mapb\2025-05-02_eDNA-oct-dec-mafr-mapb-2024-norm.eds,NA
MAFR-EC1,eDNA,MarBTN-mt88,2024-04-10,NA,0,0,0,0,0,0,NA,NA,NA,NA,NA,NA,NA,2025-05-02 14:38:14 PM PDT,NA,2025-05-02 16:45:11 PM PDT,NA,C:\Users\Administrator.pnri97rpk\Desktop\METZGER LAB\Fiona\2025-05-02_eDNA-2024-oct-dec-mafr-mapb\2025-05-02_eDNA-oct-dec-mafr-mapb-2024-can.eds,NA,C:\Users\Administrator.pnri97rpk\Desktop\METZGER LAB\Fiona\2025-05-02_eDNA-2024-oct-dec-mafr-mapb\2025-05-02_eDNA-oct-dec-mafr-mapb-2024-norm.eds,NA
MAFR-EC1,eDNA,MarBTN-mt88,2024-06-24,NA,0,0,0,0,0,0,NA,NA,NA,NA,NA,NA,NA,2025-05-02 14:38:14 PM PDT,NA,2025-05-02 16:45:11 PM PDT,NA,C:\Users\Administrator.pnri97rpk\Desktop\METZGER LAB\Fiona\2025-05-02_eDNA-2024-oct-dec-mafr-mapb\2025-05-02_eDNA-oct-dec-mafr-mapb-2024-can.eds,NA,C:\Users\Administrator.pnri97rpk\Desktop\METZGER LAB\Fiona\2025-05-02_eDNA-2024-oct-dec-mafr-mapb\2025-05-02_eDNA-oct-dec-mafr-mapb-2024-norm.eds,NA
MAFR-EC2,eDNA,MarBTN-mt88,2024-02-13,NA,0,0,0,5.04516077041626,0,0,NA,NA,NA,NA,NA,NA,NA,2025-05-02 14:38:14 PM PDT,NA,2025-05-02 16:45:11 PM PDT,NA,C:\Users\Administrator.pnri97rpk\Desktop\METZGER LAB\Fiona\2025-05-02_eDNA-2024-oct-dec-mafr-mapb\2025-05-02_eDNA-oct-dec-mafr-mapb-2024-can.eds,NA,C:\Users\Administrator.pnri97rpk\Desktop\METZGER LAB\Fiona\2025-05-02_eDNA-2024-oct-dec-mafr-mapb\2025-05-02_eDNA-oct-dec-mafr-mapb-2024-norm.eds,NA
MAFR-EC2,eDNA,MarBTN-mt88,2024-04-10,NA,0,0,0,0,0,0,NA,NA,NA,NA,NA,NA,NA,2025-05-02 14:38:14 PM PDT,NA,2025-05-02 16:45:11 PM PDT,NA,C:\Users\Administrator.pnri97rpk\Desktop\METZGER LAB\Fiona\2025-05-02_eDNA-2024-oct-dec-mafr-mapb\2025-05-02_eDNA-oct-dec-mafr-mapb-2024-can.eds,NA,C:\Users\Administrator.pnri97rpk\Desktop\METZGER LAB\Fiona\2025-05-02_eDNA-2024-oct-dec-mafr-mapb\2025-05-02_eDNA-oct-dec-mafr-mapb-2024-norm.eds,NA
MAFR-EC2,eDNA,MarBTN-mt88,2024-06-24,NA,0,0,0,0,0,0,NA,NA,NA,NA,NA,NA,NA,2025-05-02 14:38:14 PM PDT,NA,2025-05-02 16:45:11 PM PDT,NA,C:\Users\Administrator.pnri97rpk\Desktop\METZGER LAB\Fiona\2025-05-02_eDNA-2024-oct-dec-mafr-mapb\2025-05-02_eDNA-oct-dec-mafr-mapb-2024-can.eds,NA,C:\Users\Administrator.pnri97rpk\Desktop\METZGER LAB\Fiona\2025-05-02_eDNA-2024-oct-dec-mafr-mapb\2025-05-02_eDNA-oct-dec-mafr-mapb-2024-norm.eds,NA
MAPB-1,eDNA,MarBTN-mt88,2023-02-27,NA,34.1460762023926,28.2473735809326,49.0709266662598,893.969848632812,979.143127441406,905.591369628906,NA,NA,NA,NA,NA,NA,NA,2024-08-14 15:20:50 PM PDT,NA,2024-08-14 17:03:32 PM PDT,NA,C:\Users\Administrator.pnri97rpk\Desktop\METZGER LAB\Fiona\2024-08-14_MAFR-MAPB-feb23-aug23_eDNA\2024-08-14_MAFR-MAPB_eDNA_feb23-aug23_mitochondria.eds,NA,C:\Users\Administrator.pnri97rpk\Desktop\METZGER LAB\Fiona\2024-08-14_MAFR-MAPB-feb23-aug23_eDNA\2024-08-14_MAFR-MAPB_eDNA_feb23-aug23_mito_NORMAL.eds,NA
MAPB-1,eDNA,MarBTN-mt88,2023-04-12,NA,84.4379959106445,103.082801818848,110.913078308105,287.893310546875,254.877304077148,281.459014892578,NA,NA,NA,NA,NA,NA,NA,2024-08-14 15:20:50 PM PDT,NA,2024-08-14 17:03:32 PM PDT,NA,C:\Users\Administrator.pnri97rpk\Desktop\METZGER LAB\Fiona\2024-08-14_MAFR-MAPB-feb23-aug23_eDNA\2024-08-14_MAFR-MAPB_eDNA_feb23-aug23_mitochondria.eds,NA,C:\Users\Administrator.pnri97rpk\Desktop\METZGER LAB\Fiona\2024-08-14_MAFR-MAPB-feb23-aug23_eDNA\2024-08-14_MAFR-MAPB_eDNA_feb23-aug23_mito_NORMAL.eds,NA
MAPB-1,eDNA,MarBTN-mt88,2023-06-06,NA,13.2982196807861,15.4226150512695,8.97116756439209,125.552810668945,128.578369140625,115.814155578613,NA,NA,NA,NA,NA,NA,NA,2024-08-14 15:20:50 PM PDT,NA,2024-08-14 17:03:32 PM PDT,NA,C:\Users\Administrator.pnri97rpk\Desktop\METZGER LAB\Fiona\2024-08-14_MAFR-MAPB-feb23-aug23_eDNA\2024-08-14_MAFR-MAPB_eDNA_feb23-aug23_mitochondria.eds,NA,C:\Users\Administrator.pnri97rpk\Desktop\METZGER LAB\Fiona\2024-08-14_MAFR-MAPB-feb23-aug23_eDNA\2024-08-14_MAFR-MAPB_eDNA_feb23-aug23_mito_NORMAL.eds,NA
MAPB-1,eDNA,MarBTN-mt88,2023-08-01,NA,6.56793546676636,15.8005256652832,12.804892539978,757.062744140625,889.03564453125,798.134704589844,NA,NA,NA,NA,NA,NA,NA,2024-08-14 15:20:50 PM PDT,NA,2024-08-14 17:03:32 PM PDT,NA,C:\Users\Administrator.pnri97rpk\Desktop\METZGER LAB\Fiona\2024-08-14_MAFR-MAPB-feb23-aug23_eDNA\2024-08-14_MAFR-MAPB_eDNA_feb23-aug23_mitochondria.eds,NA,C:\Users\Administrator.pnri97rpk\Desktop\METZGER LAB\Fiona\2024-08-14_MAFR-MAPB-feb23-aug23_eDNA\2024-08-14_MAFR-MAPB_eDNA_feb23-aug23_mito_NORMAL.eds,NA
MAPB-1,eDNA,MarBTN-mt88,2023-10-02,NA,85.4264526367188,65.5813980102539,81.7713088989258,1997.287109375,1702.65393066406,1661.02893066406,NA,NA,NA,NA,NA,NA,NA,2024-08-15 12:30:07 PM PDT,NA,2024-08-15 14:17:02 PM PDT,NA,C:\Users\pnri\Desktop\Metzger Lab\Fiona\2024-08-15_MAFR-MAPB_eDNA_OCT-DEC\2024-08-15_MAFR-MAPB-eDNA_OCT23-DEC23_ECJUN-OCT_MITO_CAN.eds,NA,C:\Users\pnri\Desktop\Metzger Lab\Fiona\2024-08-15_MAFR-MAPB_eDNA_OCT-DEC\2024-08-15_MAFR-MAPB-eDNA_OCT23-DEC23_ECJUN-OCT_MITO_NORM.eds,NA
MAPB-1,eDNA,MarBTN-mt88,2023-12-11,NA,2.89178872108459,5.05861949920654,5.27298164367676,68.4465713500977,75.8587417602539,60.8535385131836,NA,NA,NA,NA,NA,NA,NA,2024-08-15 12:30:07 PM PDT,NA,2024-08-15 14:17:02 PM PDT,NA,C:\Users\pnri\Desktop\Metzger Lab\Fiona\2024-08-15_MAFR-MAPB_eDNA_OCT-DEC\2024-08-15_MAFR-MAPB-eDNA_OCT23-DEC23_ECJUN-OCT_MITO_CAN.eds,NA,C:\Users\pnri\Desktop\Metzger Lab\Fiona\2024-08-15_MAFR-MAPB_eDNA_OCT-DEC\2024-08-15_MAFR-MAPB-eDNA_OCT23-DEC23_ECJUN-OCT_MITO_NORM.eds,NA
MAPB-1,eDNA,MarBTN-mt88,2024-02-12,NA,7.91779184341431,8.54094219207764,17.9414310455322,67.022346496582,59.277099609375,60.1522064208984,NA,NA,NA,NA,NA,NA,NA,Not Started,NA,Not Started,NA,C:\Users\pnri\Desktop\Metzger Lab\Fiona\2025-05-02_eDNA2024-feb-aug-MAPB-MAFR\2025-05-02_MAFReDNA-MAPBeDNA-feb-aug-2024_can.eds,NA,C:\Users\pnri\Desktop\Metzger Lab\Fiona\2025-05-02_eDNA2024-feb-aug-MAPB-MAFR\2025-05-02_MAFReDNA-MAPBeDNA-feb-aug-2024_norm.eds,NA
MAPB-1,eDNA,MarBTN-mt88,2024-04-09,NA,50.0161399841309,65.1587677001953,56.5944786071777,372.714721679688,349.805694580078,328.188629150391,NA,NA,NA,NA,NA,NA,NA,Not Started,NA,Not Started,NA,C:\Users\pnri\Desktop\Metzger Lab\Fiona\2025-05-02_eDNA2024-feb-aug-MAPB-MAFR\2025-05-02_MAFReDNA-MAPBeDNA-feb-aug-2024_can.eds,NA,C:\Users\pnri\Desktop\Metzger Lab\Fiona\2025-05-02_eDNA2024-feb-aug-MAPB-MAFR\2025-05-02_MAFReDNA-MAPBeDNA-feb-aug-2024_norm.eds,NA
MAPB-1,eDNA,MarBTN-mt88,2024-06-25,NA,9.24370765686035,12.1917839050293,10.679874420166,417.347625732422,309.254364013672,381.521087646484,NA,NA,NA,NA,NA,NA,NA,Not Started,NA,Not Started,NA,C:\Users\pnri\Desktop\Metzger Lab\Fiona\2025-05-02_eDNA2024-feb-aug-MAPB-MAFR\2025-05-02_MAFReDNA-MAPBeDNA-feb-aug-2024_can.eds,NA,C:\Users\pnri\Desktop\Metzger Lab\Fiona\2025-05-02_eDNA2024-feb-aug-MAPB-MAFR\2025-05-02_MAFReDNA-MAPBeDNA-feb-aug-2024_norm.eds,NA
MAPB-1,eDNA,MarBTN-mt88,2024-08-20,NA,0,15.1570949554443,23.022367477417,7523.91259765625,7756.0498046875,6569.01220703125,NA,NA,NA,NA,NA,NA,NA,Not Started,NA,Not Started,NA,C:\Users\pnri\Desktop\Metzger Lab\Fiona\2025-05-02_eDNA2024-feb-aug-MAPB-MAFR\2025-05-02_MAFReDNA-MAPBeDNA-feb-aug-2024_can.eds,NA,C:\Users\pnri\Desktop\Metzger Lab\Fiona\2025-05-02_eDNA2024-feb-aug-MAPB-MAFR\2025-05-02_MAFReDNA-MAPBeDNA-feb-aug-2024_norm.eds,NA
MAPB-1,eDNA,MarBTN-mt88,2024-10-15,NA,40.7238731384277,29.2131938934326,15.6063394546509,1577.09790039062,1756.37658691406,1456.5703125,NA,NA,NA,NA,NA,NA,NA,2025-05-02 14:38:14 PM PDT,NA,2025-05-02 16:45:11 PM PDT,NA,C:\Users\Administrator.pnri97rpk\Desktop\METZGER LAB\Fiona\2025-05-02_eDNA-2024-oct-dec-mafr-mapb\2025-05-02_eDNA-oct-dec-mafr-mapb-2024-can.eds,NA,C:\Users\Administrator.pnri97rpk\Desktop\METZGER LAB\Fiona\2025-05-02_eDNA-2024-oct-dec-mafr-mapb\2025-05-02_eDNA-oct-dec-mafr-mapb-2024-norm.eds,NA
MAPB-1,eDNA,MarBTN-mt88,2024-12-10,NA,6.38103055953979,0,28.8507175445557,578.053833007812,514.446411132812,531.232116699219,NA,NA,NA,NA,NA,NA,NA,2025-05-02 14:38:14 PM PDT,NA,2025-05-02 16:45:11 PM PDT,NA,C:\Users\Administrator.pnri97rpk\Desktop\METZGER LAB\Fiona\2025-05-02_eDNA-2024-oct-dec-mafr-mapb\2025-05-02_eDNA-oct-dec-mafr-mapb-2024-can.eds,NA,C:\Users\Administrator.pnri97rpk\Desktop\METZGER LAB\Fiona\2025-05-02_eDNA-2024-oct-dec-mafr-mapb\2025-05-02_eDNA-oct-dec-mafr-mapb-2024-norm.eds,NA
MAPB-2,eDNA,MarBTN-mt88,2023-02-27,NA,56.5573997497559,45.8758926391602,46.8817558288574,603.750915527344,642.086120605469,583.993286132812,NA,NA,NA,NA,NA,NA,NA,2024-08-14 15:20:50 PM PDT,NA,2024-08-14 17:03:32 PM PDT,NA,C:\Users\Administrator.pnri97rpk\Desktop\METZGER LAB\Fiona\2024-08-14_MAFR-MAPB-feb23-aug23_eDNA\2024-08-14_MAFR-MAPB_eDNA_feb23-aug23_mitochondria.eds,NA,C:\Users\Administrator.pnri97rpk\Desktop\METZGER LAB\Fiona\2024-08-14_MAFR-MAPB-feb23-aug23_eDNA\2024-08-14_MAFR-MAPB_eDNA_feb23-aug23_mito_NORMAL.eds,NA
MAPB-2,eDNA,MarBTN-mt88,2023-04-12,NA,79.0551071166992,94.5252685546875,133.124572753906,214.937896728516,165.98957824707,239.158447265625,NA,NA,NA,NA,NA,NA,NA,2024-08-14 15:20:50 PM PDT,NA,2024-08-14 17:03:32 PM PDT,NA,C:\Users\Administrator.pnri97rpk\Desktop\METZGER LAB\Fiona\2024-08-14_MAFR-MAPB-feb23-aug23_eDNA\2024-08-14_MAFR-MAPB_eDNA_feb23-aug23_mitochondria.eds,NA,C:\Users\Administrator.pnri97rpk\Desktop\METZGER LAB\Fiona\2024-08-14_MAFR-MAPB-feb23-aug23_eDNA\2024-08-14_MAFR-MAPB_eDNA_feb23-aug23_mito_NORMAL.eds,NA
MAPB-2,eDNA,MarBTN-mt88,2023-06-06,NA,18.4495525360107,4.89759969711304,5.27879190444946,75.3779525756836,71.0884094238281,63.9876594543457,NA,NA,NA,NA,NA,NA,NA,2024-08-14 15:20:50 PM PDT,NA,2024-08-14 17:03:32 PM PDT,NA,C:\Users\Administrator.pnri97rpk\Desktop\METZGER LAB\Fiona\2024-08-14_MAFR-MAPB-feb23-aug23_eDNA\2024-08-14_MAFR-MAPB_eDNA_feb23-aug23_mitochondria.eds,NA,C:\Users\Administrator.pnri97rpk\Desktop\METZGER LAB\Fiona\2024-08-14_MAFR-MAPB-feb23-aug23_eDNA\2024-08-14_MAFR-MAPB_eDNA_feb23-aug23_mito_NORMAL.eds,NA
MAPB-2,eDNA,MarBTN-mt88,2023-08-01,NA,25.1366424560547,11.7653484344482,16.0165882110596,1653.12084960938,1411.42456054688,1489.83679199219,NA,NA,NA,NA,NA,NA,NA,2024-08-14 15:20:50 PM PDT,NA,2024-08-14 17:03:32 PM PDT,NA,C:\Users\Administrator.pnri97rpk\Desktop\METZGER LAB\Fiona\2024-08-14_MAFR-MAPB-feb23-aug23_eDNA\2024-08-14_MAFR-MAPB_eDNA_feb23-aug23_mitochondria.eds,NA,C:\Users\Administrator.pnri97rpk\Desktop\METZGER LAB\Fiona\2024-08-14_MAFR-MAPB-feb23-aug23_eDNA\2024-08-14_MAFR-MAPB_eDNA_feb23-aug23_mito_NORMAL.eds,NA
MAPB-2,eDNA,MarBTN-mt88,2023-10-02,NA,59.7860679626465,70.4294586181641,79.7004470825195,719.383666992188,793.497314453125,743.635803222656,NA,NA,NA,NA,NA,NA,NA,2024-08-15 12:30:07 PM PDT,NA,2024-08-15 14:17:02 PM PDT,NA,C:\Users\pnri\Desktop\Metzger Lab\Fiona\2024-08-15_MAFR-MAPB_eDNA_OCT-DEC\2024-08-15_MAFR-MAPB-eDNA_OCT23-DEC23_ECJUN-OCT_MITO_CAN.eds,NA,C:\Users\pnri\Desktop\Metzger Lab\Fiona\2024-08-15_MAFR-MAPB_eDNA_OCT-DEC\2024-08-15_MAFR-MAPB-eDNA_OCT23-DEC23_ECJUN-OCT_MITO_NORM.eds,NA
MAPB-2,eDNA,MarBTN-mt88,2023-12-11,NA,8.86181926727295,8.00748062133789,14.3317708969116,56.3682975769043,57.5594482421875,57.7025108337402,NA,NA,NA,NA,NA,NA,NA,2024-08-15 12:30:07 PM PDT,NA,2024-08-15 14:17:02 PM PDT,NA,C:\Users\pnri\Desktop\Metzger Lab\Fiona\2024-08-15_MAFR-MAPB_eDNA_OCT-DEC\2024-08-15_MAFR-MAPB-eDNA_OCT23-DEC23_ECJUN-OCT_MITO_CAN.eds,NA,C:\Users\pnri\Desktop\Metzger Lab\Fiona\2024-08-15_MAFR-MAPB_eDNA_OCT-DEC\2024-08-15_MAFR-MAPB-eDNA_OCT23-DEC23_ECJUN-OCT_MITO_NORM.eds,NA
MAPB-2,eDNA,MarBTN-mt88,2024-02-12,NA,0,26.7406673431396,20.0013847351074,66.7789306640625,112.073204040527,111.880126953125,NA,NA,NA,NA,NA,NA,NA,Not Started,NA,Not Started,NA,C:\Users\pnri\Desktop\Metzger Lab\Fiona\2025-05-02_eDNA2024-feb-aug-MAPB-MAFR\2025-05-02_MAFReDNA-MAPBeDNA-feb-aug-2024_can.eds,NA,C:\Users\pnri\Desktop\Metzger Lab\Fiona\2025-05-02_eDNA2024-feb-aug-MAPB-MAFR\2025-05-02_MAFReDNA-MAPBeDNA-feb-aug-2024_norm.eds,NA
MAPB-2,eDNA,MarBTN-mt88,2024-04-09,NA,65.8935394287109,53.6549987792969,65.0768203735352,354.751495361328,370.475830078125,347.775634765625,NA,NA,NA,NA,NA,NA,NA,Not Started,NA,Not Started,NA,C:\Users\pnri\Desktop\Metzger Lab\Fiona\2025-05-02_eDNA2024-feb-aug-MAPB-MAFR\2025-05-02_MAFReDNA-MAPBeDNA-feb-aug-2024_can.eds,NA,C:\Users\pnri\Desktop\Metzger Lab\Fiona\2025-05-02_eDNA2024-feb-aug-MAPB-MAFR\2025-05-02_MAFReDNA-MAPBeDNA-feb-aug-2024_norm.eds,NA
MAPB-2,eDNA,MarBTN-mt88,2024-06-25,NA,11.0190553665161,39.3945045471191,12.4932708740234,384.969329833984,441.344207763672,370.69384765625,NA,NA,NA,NA,NA,NA,NA,Not Started,NA,Not Started,NA,C:\Users\pnri\Desktop\Metzger Lab\Fiona\2025-05-02_eDNA2024-feb-aug-MAPB-MAFR\2025-05-02_MAFReDNA-MAPBeDNA-feb-aug-2024_can.eds,NA,C:\Users\pnri\Desktop\Metzger Lab\Fiona\2025-05-02_eDNA2024-feb-aug-MAPB-MAFR\2025-05-02_MAFReDNA-MAPBeDNA-feb-aug-2024_norm.eds,NA
MAPB-2,eDNA,MarBTN-mt88,2024-08-20,NA,22.4079208374023,18.2546710968018,13.4747200012207,3257.95922851562,2854.68774414062,2857.51635742188,NA,NA,NA,NA,NA,NA,NA,Not Started,NA,Not Started,NA,C:\Users\pnri\Desktop\Metzger Lab\Fiona\2025-05-02_eDNA2024-feb-aug-MAPB-MAFR\2025-05-02_MAFReDNA-MAPBeDNA-feb-aug-2024_can.eds,NA,C:\Users\pnri\Desktop\Metzger Lab\Fiona\2025-05-02_eDNA2024-feb-aug-MAPB-MAFR\2025-05-02_MAFReDNA-MAPBeDNA-feb-aug-2024_norm.eds,NA
MAPB-2,eDNA,MarBTN-mt88,2024-10-15,NA,24.7269496917725,18.6959781646729,29.5001049041748,2250.39770507812,2282.51953125,2441.958984375,NA,NA,NA,NA,NA,NA,NA,2025-05-02 14:38:14 PM PDT,NA,2025-05-02 16:45:11 PM PDT,NA,C:\Users\Administrator.pnri97rpk\Desktop\METZGER LAB\Fiona\2025-05-02_eDNA-2024-oct-dec-mafr-mapb\2025-05-02_eDNA-oct-dec-mafr-mapb-2024-can.eds,NA,C:\Users\Administrator.pnri97rpk\Desktop\METZGER LAB\Fiona\2025-05-02_eDNA-2024-oct-dec-mafr-mapb\2025-05-02_eDNA-oct-dec-mafr-mapb-2024-norm.eds,NA
MAPB-2,eDNA,MarBTN-mt88,2024-12-10,NA,42.4538230895996,23.1244335174561,56.3794364929199,925.878845214844,785.879455566406,819.653198242188,NA,NA,NA,NA,NA,NA,NA,2025-05-02 14:38:14 PM PDT,NA,2025-05-02 16:45:11 PM PDT,NA,C:\Users\Administrator.pnri97rpk\Desktop\METZGER LAB\Fiona\2025-05-02_eDNA-2024-oct-dec-mafr-mapb\2025-05-02_eDNA-oct-dec-mafr-mapb-2024-can.eds,NA,C:\Users\Administrator.pnri97rpk\Desktop\METZGER LAB\Fiona\2025-05-02_eDNA-2024-oct-dec-mafr-mapb\2025-05-02_eDNA-oct-dec-mafr-mapb-2024-norm.eds,NA
MAPB-3,eDNA,MarBTN-mt88,2023-02-27,NA,27.51296043396,21.3689804077148,13.312952041626,790.096801757812,796.980285644531,788.964050292969,NA,NA,NA,NA,NA,NA,NA,2024-08-14 15:20:50 PM PDT,NA,2024-08-14 17:03:32 PM PDT,NA,C:\Users\Administrator.pnri97rpk\Desktop\METZGER LAB\Fiona\2024-08-14_MAFR-MAPB-feb23-aug23_eDNA\2024-08-14_MAFR-MAPB_eDNA_feb23-aug23_mitochondria.eds,NA,C:\Users\Administrator.pnri97rpk\Desktop\METZGER LAB\Fiona\2024-08-14_MAFR-MAPB-feb23-aug23_eDNA\2024-08-14_MAFR-MAPB_eDNA_feb23-aug23_mito_NORMAL.eds,NA
MAPB-3,eDNA,MarBTN-mt88,2023-04-12,NA,100.234169006348,85.2317504882812,90.8631744384766,258.373809814453,306.816467285156,252.978042602539,NA,NA,NA,NA,NA,NA,NA,2024-08-14 15:20:50 PM PDT,NA,2024-08-14 17:03:32 PM PDT,NA,C:\Users\Administrator.pnri97rpk\Desktop\METZGER LAB\Fiona\2024-08-14_MAFR-MAPB-feb23-aug23_eDNA\2024-08-14_MAFR-MAPB_eDNA_feb23-aug23_mitochondria.eds,NA,C:\Users\Administrator.pnri97rpk\Desktop\METZGER LAB\Fiona\2024-08-14_MAFR-MAPB-feb23-aug23_eDNA\2024-08-14_MAFR-MAPB_eDNA_feb23-aug23_mito_NORMAL.eds,NA
MAPB-3,eDNA,MarBTN-mt88,2023-06-06,NA,58.9154777526855,51.7292060852051,37.4102401733398,293.632843017578,232.100051879883,266.386413574219,NA,NA,NA,NA,NA,NA,NA,2024-08-14 15:20:50 PM PDT,NA,2024-08-14 17:03:32 PM PDT,NA,C:\Users\Administrator.pnri97rpk\Desktop\METZGER LAB\Fiona\2024-08-14_MAFR-MAPB-feb23-aug23_eDNA\2024-08-14_MAFR-MAPB_eDNA_feb23-aug23_mitochondria.eds,NA,C:\Users\Administrator.pnri97rpk\Desktop\METZGER LAB\Fiona\2024-08-14_MAFR-MAPB-feb23-aug23_eDNA\2024-08-14_MAFR-MAPB_eDNA_feb23-aug23_mito_NORMAL.eds,NA
MAPB-3,eDNA,MarBTN-mt88,2023-08-01,NA,7.76273918151855,11.8653135299683,7.09675598144531,902.139099121094,880.741333007812,870.82470703125,NA,NA,NA,NA,NA,NA,NA,2024-08-14 15:20:50 PM PDT,NA,2024-08-14 17:03:32 PM PDT,NA,C:\Users\Administrator.pnri97rpk\Desktop\METZGER LAB\Fiona\2024-08-14_MAFR-MAPB-feb23-aug23_eDNA\2024-08-14_MAFR-MAPB_eDNA_feb23-aug23_mitochondria.eds,NA,C:\Users\Administrator.pnri97rpk\Desktop\METZGER LAB\Fiona\2024-08-14_MAFR-MAPB-feb23-aug23_eDNA\2024-08-14_MAFR-MAPB_eDNA_feb23-aug23_mito_NORMAL.eds,NA
MAPB-3,eDNA,MarBTN-mt88,2023-10-02,NA,82.2242431640625,59.0459518432617,71.377571105957,769.070068359375,695.915222167969,750.374084472656,NA,NA,NA,NA,NA,NA,NA,2024-08-15 12:30:07 PM PDT,NA,2024-08-15 14:17:02 PM PDT,NA,C:\Users\pnri\Desktop\Metzger Lab\Fiona\2024-08-15_MAFR-MAPB_eDNA_OCT-DEC\2024-08-15_MAFR-MAPB-eDNA_OCT23-DEC23_ECJUN-OCT_MITO_CAN.eds,NA,C:\Users\pnri\Desktop\Metzger Lab\Fiona\2024-08-15_MAFR-MAPB_eDNA_OCT-DEC\2024-08-15_MAFR-MAPB-eDNA_OCT23-DEC23_ECJUN-OCT_MITO_NORM.eds,NA
MAPB-3,eDNA,MarBTN-mt88,2023-12-11,NA,8.71147346496582,15.8806581497192,20.1417751312256,42.4674758911133,46.9465866088867,85.1719589233398,NA,NA,NA,NA,NA,NA,NA,2024-08-15 12:30:07 PM PDT,NA,2024-08-15 14:17:02 PM PDT,NA,C:\Users\pnri\Desktop\Metzger Lab\Fiona\2024-08-15_MAFR-MAPB_eDNA_OCT-DEC\2024-08-15_MAFR-MAPB-eDNA_OCT23-DEC23_ECJUN-OCT_MITO_CAN.eds,NA,C:\Users\pnri\Desktop\Metzger Lab\Fiona\2024-08-15_MAFR-MAPB_eDNA_OCT-DEC\2024-08-15_MAFR-MAPB-eDNA_OCT23-DEC23_ECJUN-OCT_MITO_NORM.eds,NA
MAPB-3,eDNA,MarBTN-mt88,2024-02-12,NA,27.8464298248291,31.9059047698975,43.590763092041,108.572402954102,121.798271179199,104.928558349609,NA,NA,NA,NA,NA,NA,NA,Not Started,NA,Not Started,NA,C:\Users\pnri\Desktop\Metzger Lab\Fiona\2025-05-02_eDNA2024-feb-aug-MAPB-MAFR\2025-05-02_MAFReDNA-MAPBeDNA-feb-aug-2024_can.eds,NA,C:\Users\pnri\Desktop\Metzger Lab\Fiona\2025-05-02_eDNA2024-feb-aug-MAPB-MAFR\2025-05-02_MAFReDNA-MAPBeDNA-feb-aug-2024_norm.eds,NA
MAPB-3,eDNA,MarBTN-mt88,2024-04-09,NA,38.5348052978516,42.0247764587402,56.0341377258301,310.577697753906,296.238800048828,269.072052001953,NA,NA,NA,NA,NA,NA,NA,Not Started,NA,Not Started,NA,C:\Users\pnri\Desktop\Metzger Lab\Fiona\2025-05-02_eDNA2024-feb-aug-MAPB-MAFR\2025-05-02_MAFReDNA-MAPBeDNA-feb-aug-2024_can.eds,NA,C:\Users\pnri\Desktop\Metzger Lab\Fiona\2025-05-02_eDNA2024-feb-aug-MAPB-MAFR\2025-05-02_MAFReDNA-MAPBeDNA-feb-aug-2024_norm.eds,NA
MAPB-3,eDNA,MarBTN-mt88,2024-06-25,NA,10.3212451934814,19.1639957427979,6.32543277740479,224.827713012695,288.294738769531,321.080627441406,NA,NA,NA,NA,NA,NA,NA,Not Started,NA,Not Started,NA,C:\Users\pnri\Desktop\Metzger Lab\Fiona\2025-05-02_eDNA2024-feb-aug-MAPB-MAFR\2025-05-02_MAFReDNA-MAPBeDNA-feb-aug-2024_can.eds,NA,C:\Users\pnri\Desktop\Metzger Lab\Fiona\2025-05-02_eDNA2024-feb-aug-MAPB-MAFR\2025-05-02_MAFReDNA-MAPBeDNA-feb-aug-2024_norm.eds,NA
MAPB-3,eDNA,MarBTN-mt88,2024-08-20,NA,0,0,0,119.894348144531,167.123657226562,126.965003967285,NA,NA,NA,NA,NA,NA,NA,Not Started,NA,Not Started,NA,C:\Users\pnri\Desktop\Metzger Lab\Fiona\2025-05-02_eDNA2024-feb-aug-MAPB-MAFR\2025-05-02_MAFReDNA-MAPBeDNA-feb-aug-2024_can.eds,NA,C:\Users\pnri\Desktop\Metzger Lab\Fiona\2025-05-02_eDNA2024-feb-aug-MAPB-MAFR\2025-05-02_MAFReDNA-MAPBeDNA-feb-aug-2024_norm.eds,NA
MAPB-3,eDNA,MarBTN-mt88,2024-10-15,NA,53.7221450805664,40.4996452331543,45.9769859313965,2409.25463867188,2171.6044921875,2439.10424804688,NA,NA,NA,NA,NA,NA,NA,2025-05-02 14:38:14 PM PDT,NA,2025-05-02 16:45:11 PM PDT,NA,C:\Users\Administrator.pnri97rpk\Desktop\METZGER LAB\Fiona\2025-05-02_eDNA-2024-oct-dec-mafr-mapb\2025-05-02_eDNA-oct-dec-mafr-mapb-2024-can.eds,NA,C:\Users\Administrator.pnri97rpk\Desktop\METZGER LAB\Fiona\2025-05-02_eDNA-2024-oct-dec-mafr-mapb\2025-05-02_eDNA-oct-dec-mafr-mapb-2024-norm.eds,NA
MAPB-3,eDNA,MarBTN-mt88,2024-12-10,NA,8.24591636657715,37.2544555664062,14.0594367980957,793.591491699219,698.253112792969,646.82958984375,NA,NA,NA,NA,NA,NA,NA,2025-05-02 14:38:14 PM PDT,NA,2025-05-02 16:45:11 PM PDT,NA,C:\Users\Administrator.pnri97rpk\Desktop\METZGER LAB\Fiona\2025-05-02_eDNA-2024-oct-dec-mafr-mapb\2025-05-02_eDNA-oct-dec-mafr-mapb-2024-can.eds,NA,C:\Users\Administrator.pnri97rpk\Desktop\METZGER LAB\Fiona\2025-05-02_eDNA-2024-oct-dec-mafr-mapb\2025-05-02_eDNA-oct-dec-mafr-mapb-2024-norm.eds,NA
MAPB-EC1,eDNA,MarBTN-mt88,2024-02-12,NA,0,0,0,0,0,0,NA,NA,NA,NA,NA,NA,NA,2025-05-02 14:38:14 PM PDT,NA,2025-05-02 16:45:11 PM PDT,NA,C:\Users\Administrator.pnri97rpk\Desktop\METZGER LAB\Fiona\2025-05-02_eDNA-2024-oct-dec-mafr-mapb\2025-05-02_eDNA-oct-dec-mafr-mapb-2024-can.eds,NA,C:\Users\Administrator.pnri97rpk\Desktop\METZGER LAB\Fiona\2025-05-02_eDNA-2024-oct-dec-mafr-mapb\2025-05-02_eDNA-oct-dec-mafr-mapb-2024-norm.eds,NA
MAPB-EC1,eDNA,MarBTN-mt88,2024-04-09,NA,0,0,0,0,4.58406257629395,0,NA,NA,NA,NA,NA,NA,NA,2025-05-02 14:38:14 PM PDT,NA,2025-05-02 16:45:11 PM PDT,NA,C:\Users\Administrator.pnri97rpk\Desktop\METZGER LAB\Fiona\2025-05-02_eDNA-2024-oct-dec-mafr-mapb\2025-05-02_eDNA-oct-dec-mafr-mapb-2024-can.eds,NA,C:\Users\Administrator.pnri97rpk\Desktop\METZGER LAB\Fiona\2025-05-02_eDNA-2024-oct-dec-mafr-mapb\2025-05-02_eDNA-oct-dec-mafr-mapb-2024-norm.eds,NA
MAPB-EC1,eDNA,MarBTN-mt88,2024-06-25,NA,0,0,0,0,0,0,NA,NA,NA,NA,NA,NA,NA,2025-05-02 14:38:14 PM PDT,NA,2025-05-02 16:45:11 PM PDT,NA,C:\Users\Administrator.pnri97rpk\Desktop\METZGER LAB\Fiona\2025-05-02_eDNA-2024-oct-dec-mafr-mapb\2025-05-02_eDNA-oct-dec-mafr-mapb-2024-can.eds,NA,C:\Users\Administrator.pnri97rpk\Desktop\METZGER LAB\Fiona\2025-05-02_eDNA-2024-oct-dec-mafr-mapb\2025-05-02_eDNA-oct-dec-mafr-mapb-2024-norm.eds,NA
MAPB-EC2,eDNA,MarBTN-mt88,2024-02-12,NA,0,0,0,0,0,0,NA,NA,NA,NA,NA,NA,NA,2025-05-02 14:38:14 PM PDT,NA,2025-05-02 16:45:11 PM PDT,NA,C:\Users\Administrator.pnri97rpk\Desktop\METZGER LAB\Fiona\2025-05-02_eDNA-2024-oct-dec-mafr-mapb\2025-05-02_eDNA-oct-dec-mafr-mapb-2024-can.eds,NA,C:\Users\Administrator.pnri97rpk\Desktop\METZGER LAB\Fiona\2025-05-02_eDNA-2024-oct-dec-mafr-mapb\2025-05-02_eDNA-oct-dec-mafr-mapb-2024-norm.eds,NA
MAPB-EC2,eDNA,MarBTN-mt88,2024-04-09,NA,0,0,0,0,0,0,NA,NA,NA,NA,NA,NA,NA,2025-05-02 14:38:14 PM PDT,NA,2025-05-02 16:45:11 PM PDT,NA,C:\Users\Administrator.pnri97rpk\Desktop\METZGER LAB\Fiona\2025-05-02_eDNA-2024-oct-dec-mafr-mapb\2025-05-02_eDNA-oct-dec-mafr-mapb-2024-can.eds,NA,C:\Users\Administrator.pnri97rpk\Desktop\METZGER LAB\Fiona\2025-05-02_eDNA-2024-oct-dec-mafr-mapb\2025-05-02_eDNA-oct-dec-mafr-mapb-2024-norm.eds,NA
MAPB-EC2,eDNA,MarBTN-mt88,2024-06-25,NA,3.97757911682129,0,3.91291952133179,0,0,0,NA,NA,NA,NA,NA,NA,NA,2025-05-02 14:38:14 PM PDT,NA,2025-05-02 16:45:11 PM PDT,NA,C:\Users\Administrator.pnri97rpk\Desktop\METZGER LAB\Fiona\2025-05-02_eDNA-2024-oct-dec-mafr-mapb\2025-05-02_eDNA-oct-dec-mafr-mapb-2024-can.eds,NA,C:\Users\Administrator.pnri97rpk\Desktop\METZGER LAB\Fiona\2025-05-02_eDNA-2024-oct-dec-mafr-mapb\2025-05-02_eDNA-oct-dec-mafr-mapb-2024-norm.eds,NA
P1-B,eDNA,MarBTN-mt88,2023-07-07,NA,0,0,0,0,1.43980467319489,0,NA,NA,NA,NA,NA,NA,NA,2024-02-12 14:51:15 PM PST,NA,2024-02-12 16:26:48 PM PST,NA,C:\Users\Administrator.pnri97rpk\Desktop\METZGER LAB\ZACH\MarBTN-mtTestqPCR\2024-02-12-FULLTEST\2024-02-12-mtTESTCAN.eds,NA,C:\Users\Administrator.pnri97rpk\Desktop\METZGER LAB\ZACH\MarBTN-mtTestqPCR\2024-02-12-FULLTEST\2024-02-12-mtTESTNORM.eds,NA
P1-B,eDNA,MarBTN-mt88,2023-09-11,NA,0,0,0,0.743927001953125,0.841500699520111,0.322498768568039,NA,NA,NA,NA,NA,NA,NA,2024-02-12 14:51:15 PM PST,NA,2024-02-12 16:26:48 PM PST,NA,C:\Users\Administrator.pnri97rpk\Desktop\METZGER LAB\ZACH\MarBTN-mtTestqPCR\2024-02-12-FULLTEST\2024-02-12-mtTESTCAN.eds,NA,C:\Users\Administrator.pnri97rpk\Desktop\METZGER LAB\ZACH\MarBTN-mtTestqPCR\2024-02-12-FULLTEST\2024-02-12-mtTESTNORM.eds,NA
P1-M,eDNA,MarBTN-mt88,2023-07-07,NA,0.714215219020844,0,0,0,1.46725630760193,0,NA,NA,NA,NA,NA,NA,NA,2024-02-12 14:51:15 PM PST,NA,2024-02-12 16:26:48 PM PST,NA,C:\Users\Administrator.pnri97rpk\Desktop\METZGER LAB\ZACH\MarBTN-mtTestqPCR\2024-02-12-FULLTEST\2024-02-12-mtTESTCAN.eds,NA,C:\Users\Administrator.pnri97rpk\Desktop\METZGER LAB\ZACH\MarBTN-mtTestqPCR\2024-02-12-FULLTEST\2024-02-12-mtTESTNORM.eds,NA
P1-M,eDNA,MarBTN-mt88,2023-09-11,NA,0.318839579820633,0,0.213278964161873,0,0,0,NA,NA,NA,NA,NA,NA,NA,2024-02-12 14:51:15 PM PST,NA,2024-02-12 16:26:48 PM PST,NA,C:\Users\Administrator.pnri97rpk\Desktop\METZGER LAB\ZACH\MarBTN-mtTestqPCR\2024-02-12-FULLTEST\2024-02-12-mtTESTCAN.eds,NA,C:\Users\Administrator.pnri97rpk\Desktop\METZGER LAB\ZACH\MarBTN-mtTestqPCR\2024-02-12-FULLTEST\2024-02-12-mtTESTNORM.eds,NA
P1-S,eDNA,MarBTN-mt88,2023-07-07,NA,0,0,0.480347663164139,539.7177734375,526.734313964844,609.5869140625,NA,NA,NA,NA,NA,NA,NA,2024-02-12 14:51:15 PM PST,NA,2024-02-12 16:26:48 PM PST,NA,C:\Users\Administrator.pnri97rpk\Desktop\METZGER LAB\ZACH\MarBTN-mtTestqPCR\2024-02-12-FULLTEST\2024-02-12-mtTESTCAN.eds,NA,C:\Users\Administrator.pnri97rpk\Desktop\METZGER LAB\ZACH\MarBTN-mtTestqPCR\2024-02-12-FULLTEST\2024-02-12-mtTESTNORM.eds,NA
P1-S,eDNA,MarBTN-mt88,2023-09-11,NA,0,0,0,0,0,0,NA,NA,NA,NA,NA,NA,NA,2024-02-12 14:51:15 PM PST,NA,2024-02-12 16:26:48 PM PST,NA,C:\Users\Administrator.pnri97rpk\Desktop\METZGER LAB\ZACH\MarBTN-mtTestqPCR\2024-02-12-FULLTEST\2024-02-12-mtTESTCAN.eds,NA,C:\Users\Administrator.pnri97rpk\Desktop\METZGER LAB\ZACH\MarBTN-mtTestqPCR\2024-02-12-FULLTEST\2024-02-12-mtTESTNORM.eds,NA
P4-B,eDNA,MarBTN-mt88,2023-07-07,NA,0,0.402283251285553,0,0,0,1.16791105270386,NA,NA,NA,NA,NA,NA,NA,2024-02-12 14:51:15 PM PST,NA,2024-02-12 16:26:48 PM PST,NA,C:\Users\Administrator.pnri97rpk\Desktop\METZGER LAB\ZACH\MarBTN-mtTestqPCR\2024-02-12-FULLTEST\2024-02-12-mtTESTCAN.eds,NA,C:\Users\Administrator.pnri97rpk\Desktop\METZGER LAB\ZACH\MarBTN-mtTestqPCR\2024-02-12-FULLTEST\2024-02-12-mtTESTNORM.eds,NA
P4-B,eDNA,MarBTN-mt88,2023-09-11,NA,0,0,0,0,0,0,NA,NA,NA,NA,NA,NA,NA,2024-02-12 14:51:15 PM PST,NA,2024-02-12 16:26:48 PM PST,NA,C:\Users\Administrator.pnri97rpk\Desktop\METZGER LAB\ZACH\MarBTN-mtTestqPCR\2024-02-12-FULLTEST\2024-02-12-mtTESTCAN.eds,NA,C:\Users\Administrator.pnri97rpk\Desktop\METZGER LAB\ZACH\MarBTN-mtTestqPCR\2024-02-12-FULLTEST\2024-02-12-mtTESTNORM.eds,NA
P4-M,eDNA,MarBTN-mt88,2023-07-07,NA,1.05036461353302,0.592912435531616,0,0.846882522106171,0,0,NA,NA,NA,NA,NA,NA,NA,2024-02-12 14:51:15 PM PST,NA,2024-02-12 16:26:48 PM PST,NA,C:\Users\Administrator.pnri97rpk\Desktop\METZGER LAB\ZACH\MarBTN-mtTestqPCR\2024-02-12-FULLTEST\2024-02-12-mtTESTCAN.eds,NA,C:\Users\Administrator.pnri97rpk\Desktop\METZGER LAB\ZACH\MarBTN-mtTestqPCR\2024-02-12-FULLTEST\2024-02-12-mtTESTNORM.eds,NA
P4-M,eDNA,MarBTN-mt88,2023-09-11,NA,0,0,0,0,0,0,NA,NA,NA,NA,NA,NA,NA,2024-02-12 14:51:15 PM PST,NA,2024-02-12 16:26:48 PM PST,NA,C:\Users\Administrator.pnri97rpk\Desktop\METZGER LAB\ZACH\MarBTN-mtTestqPCR\2024-02-12-FULLTEST\2024-02-12-mtTESTCAN.eds,NA,C:\Users\Administrator.pnri97rpk\Desktop\METZGER LAB\ZACH\MarBTN-mtTestqPCR\2024-02-12-FULLTEST\2024-02-12-mtTESTNORM.eds,NA
P4-S,eDNA,MarBTN-mt88,2023-07-07,NA,1.22789347171783,0.75448215007782,0.789488017559052,2.39433073997498,4.57217121124268,5.55538511276245,NA,NA,NA,NA,NA,NA,NA,2024-02-12 14:51:15 PM PST,NA,2024-02-12 16:26:48 PM PST,NA,C:\Users\Administrator.pnri97rpk\Desktop\METZGER LAB\ZACH\MarBTN-mtTestqPCR\2024-02-12-FULLTEST\2024-02-12-mtTESTCAN.eds,NA,C:\Users\Administrator.pnri97rpk\Desktop\METZGER LAB\ZACH\MarBTN-mtTestqPCR\2024-02-12-FULLTEST\2024-02-12-mtTESTNORM.eds,NA
P4-S,eDNA,MarBTN-mt88,2023-09-11,NA,0.0556288547813892,0,0,1.72948265075684,0,0.163150981068611,NA,NA,NA,NA,NA,NA,NA,2024-02-12 14:51:15 PM PST,NA,2024-02-12 16:26:48 PM PST,NA,C:\Users\Administrator.pnri97rpk\Desktop\METZGER LAB\ZACH\MarBTN-mtTestqPCR\2024-02-12-FULLTEST\2024-02-12-mtTESTCAN.eds,NA,C:\Users\Administrator.pnri97rpk\Desktop\METZGER LAB\ZACH\MarBTN-mtTestqPCR\2024-02-12-FULLTEST\2024-02-12-mtTESTNORM.eds,NA
PC-1,eDNA,MarBTN-mt88,2020-10-13,NA,0,0,1.86753380298615,12.8260612487793,7.87627553939819,12.3644437789917,NA,NA,NA,NA,NA,NA,NA,2024-02-20 15:04:30 PM PST,NA,2024-02-20 16:38:34 PM PST,NA,C:\Users\Administrator.pnri97rpk\Desktop\METZGER LAB\ZACH\2024-2-20-mteDNA\2024-2-20-mteDNA-CAN.eds,NA,C:\Users\Administrator.pnri97rpk\Desktop\METZGER LAB\ZACH\2024-2-20-mteDNA\2024-2-20-mteDNA-NORM.eds,NA
PC-1,eDNA,MarBTN-mt88,2023-02-16,NA,1.08091640472412,1.33950710296631,1.26126086711884,7.02002382278442,7.30043649673462,7.10569095611572,NA,NA,NA,NA,NA,NA,NA,2024-02-15 13:31:30 PM PST,NA,2024-02-15 15:09:24 PM PST,NA,C:\Users\Administrator.pnri97rpk\Desktop\METZGER LAB\ZACH\2024-2-15-mteDNA\2024-2-15-mteDNA-CAN.eds,NA,C:\Users\Administrator.pnri97rpk\Desktop\METZGER LAB\ZACH\2024-2-15-mteDNA\2024-2-15-mteDNA-NORM.eds,NA
PC-1,eDNA,MarBTN-mt88,2023-04-20,NA,0,0,0,2.61191248893738,3.2502920627594,4.85459899902344,NA,NA,NA,NA,NA,NA,NA,2024-02-15 13:31:30 PM PST,NA,2024-02-15 15:09:24 PM PST,NA,C:\Users\Administrator.pnri97rpk\Desktop\METZGER LAB\ZACH\2024-2-15-mteDNA\2024-2-15-mteDNA-CAN.eds,NA,C:\Users\Administrator.pnri97rpk\Desktop\METZGER LAB\ZACH\2024-2-15-mteDNA\2024-2-15-mteDNA-NORM.eds,NA
PC-1,eDNA,MarBTN-mt88,2023-06-16,NA,0,1.66285121440887,3.20603919029236,1711.52099609375,1716.09924316406,1665.37194824219,NA,NA,NA,NA,NA,NA,NA,2024-02-12 14:51:15 PM PST,NA,2024-02-12 16:26:48 PM PST,NA,C:\Users\Administrator.pnri97rpk\Desktop\METZGER LAB\ZACH\MarBTN-mtTestqPCR\2024-02-12-FULLTEST\2024-02-12-mtTESTCAN.eds,NA,C:\Users\Administrator.pnri97rpk\Desktop\METZGER LAB\ZACH\MarBTN-mtTestqPCR\2024-02-12-FULLTEST\2024-02-12-mtTESTNORM.eds,NA
PC-1,eDNA,MarBTN-mt88,2023-08-30,NA,0,0,0,0.712041199207306,3.60848665237427,0,NA,NA,NA,NA,NA,NA,NA,2024-02-15 13:31:30 PM PST,NA,2024-02-15 15:09:24 PM PST,NA,C:\Users\Administrator.pnri97rpk\Desktop\METZGER LAB\ZACH\2024-2-15-mteDNA\2024-2-15-mteDNA-CAN.eds,NA,C:\Users\Administrator.pnri97rpk\Desktop\METZGER LAB\ZACH\2024-2-15-mteDNA\2024-2-15-mteDNA-NORM.eds,NA
PC-1,eDNA,MarBTN-mt88,2023-10-30,NA,0,0.141183570027351,0,1.80061256885529,1.89163196086884,5.60637998580933,NA,NA,NA,NA,NA,NA,NA,2024-02-20 15:04:30 PM PST,NA,2024-02-20 16:38:34 PM PST,NA,C:\Users\Administrator.pnri97rpk\Desktop\METZGER LAB\ZACH\2024-2-20-mteDNA\2024-2-20-mteDNA-CAN.eds,NA,C:\Users\Administrator.pnri97rpk\Desktop\METZGER LAB\ZACH\2024-2-20-mteDNA\2024-2-20-mteDNA-NORM.eds,NA
PC-1,eDNA,MarBTN-mt88,2023-12-10,NA,7.81106328964233,3.96826720237732,7.70488166809082,7.74037599563599,16.521203994751,5.21998071670532,NA,NA,NA,NA,NA,NA,NA,2024-02-20 15:04:30 PM PST,NA,2024-02-20 16:38:34 PM PST,NA,C:\Users\Administrator.pnri97rpk\Desktop\METZGER LAB\ZACH\2024-2-20-mteDNA\2024-2-20-mteDNA-CAN.eds,NA,C:\Users\Administrator.pnri97rpk\Desktop\METZGER LAB\ZACH\2024-2-20-mteDNA\2024-2-20-mteDNA-NORM.eds,NA
PC-2,eDNA,MarBTN-mt88,2020-10-13,NA,0,0,0,35.8352394104004,26.5397911071777,51.7775802612305,NA,NA,NA,NA,NA,NA,NA,2024-02-20 15:04:30 PM PST,NA,2024-02-20 16:38:34 PM PST,NA,C:\Users\Administrator.pnri97rpk\Desktop\METZGER LAB\ZACH\2024-2-20-mteDNA\2024-2-20-mteDNA-CAN.eds,NA,C:\Users\Administrator.pnri97rpk\Desktop\METZGER LAB\ZACH\2024-2-20-mteDNA\2024-2-20-mteDNA-NORM.eds,NA
PC-2,eDNA,MarBTN-mt88,2023-02-16,NA,1.43267953395844,1.84207379817963,5.57858610153198,4.90083408355713,9.6898078918457,12.501633644104,NA,NA,NA,NA,NA,NA,NA,2024-02-15 13:31:30 PM PST,NA,2024-02-15 15:09:24 PM PST,NA,C:\Users\Administrator.pnri97rpk\Desktop\METZGER LAB\ZACH\2024-2-15-mteDNA\2024-2-15-mteDNA-CAN.eds,NA,C:\Users\Administrator.pnri97rpk\Desktop\METZGER LAB\ZACH\2024-2-15-mteDNA\2024-2-15-mteDNA-NORM.eds,NA
PC-2,eDNA,MarBTN-mt88,2023-04-20,NA,0,0,0,3.38366484642029,1.25041735172272,3.2292757034301798,NA,NA,NA,NA,NA,NA,NA,2024-02-15 13:31:30 PM PST,NA,2024-02-15 15:09:24 PM PST,NA,C:\Users\Administrator.pnri97rpk\Desktop\METZGER LAB\ZACH\2024-2-15-mteDNA\2024-2-15-mteDNA-CAN.eds,NA,C:\Users\Administrator.pnri97rpk\Desktop\METZGER LAB\ZACH\2024-2-15-mteDNA\2024-2-15-mteDNA-NORM.eds,NA
PC-2,eDNA,MarBTN-mt88,2023-06-16,NA,1.63198947906494,0.861692011356354,0.81598162651062,2119.99072265625,2192.36254882812,2132.76733398438,NA,NA,NA,NA,NA,NA,NA,2024-02-12 14:51:15 PM PST,NA,2024-02-12 16:26:48 PM PST,NA,C:\Users\Administrator.pnri97rpk\Desktop\METZGER LAB\ZACH\MarBTN-mtTestqPCR\2024-02-12-FULLTEST\2024-02-12-mtTESTCAN.eds,NA,C:\Users\Administrator.pnri97rpk\Desktop\METZGER LAB\ZACH\MarBTN-mtTestqPCR\2024-02-12-FULLTEST\2024-02-12-mtTESTNORM.eds,NA
PC-2,eDNA,MarBTN-mt88,2023-08-30,NA,0,0,0,2.64425420761108,2.10384154319763,0.632440567016602,NA,NA,NA,NA,NA,NA,NA,2024-02-15 13:31:30 PM PST,NA,2024-02-15 15:09:24 PM PST,NA,C:\Users\Administrator.pnri97rpk\Desktop\METZGER LAB\ZACH\2024-2-15-mteDNA\2024-2-15-mteDNA-CAN.eds,NA,C:\Users\Administrator.pnri97rpk\Desktop\METZGER LAB\ZACH\2024-2-15-mteDNA\2024-2-15-mteDNA-NORM.eds,NA
PC-2,eDNA,MarBTN-mt88,2023-10-30,NA,0,0,0,1.4208128452301,1.2336049079895,0.785496771335602,NA,NA,NA,NA,NA,NA,NA,2024-02-20 15:04:30 PM PST,NA,2024-02-20 16:38:34 PM PST,NA,C:\Users\Administrator.pnri97rpk\Desktop\METZGER LAB\ZACH\2024-2-20-mteDNA\2024-2-20-mteDNA-CAN.eds,NA,C:\Users\Administrator.pnri97rpk\Desktop\METZGER LAB\ZACH\2024-2-20-mteDNA\2024-2-20-mteDNA-NORM.eds,NA
PC-2,eDNA,MarBTN-mt88,2023-12-10,NA,10.3698978424072,2.54959487915039,5.83817052841187,5.14192819595337,5.55933046340942,8.8031530380249,NA,NA,NA,NA,NA,NA,NA,2024-02-20 15:04:30 PM PST,NA,2024-02-20 16:38:34 PM PST,NA,C:\Users\Administrator.pnri97rpk\Desktop\METZGER LAB\ZACH\2024-2-20-mteDNA\2024-2-20-mteDNA-CAN.eds,NA,C:\Users\Administrator.pnri97rpk\Desktop\METZGER LAB\ZACH\2024-2-20-mteDNA\2024-2-20-mteDNA-NORM.eds,NA
PC-3,eDNA,MarBTN-mt88,2020-10-13,NA,2.8383195400238,2.19150614738464,0,15.7337646484375,16.0441741943359,40.3629302978516,NA,NA,NA,NA,NA,NA,NA,2024-02-20 15:04:30 PM PST,NA,2024-02-20 16:38:34 PM PST,NA,C:\Users\Administrator.pnri97rpk\Desktop\METZGER LAB\ZACH\2024-2-20-mteDNA\2024-2-20-mteDNA-CAN.eds,NA,C:\Users\Administrator.pnri97rpk\Desktop\METZGER LAB\ZACH\2024-2-20-mteDNA\2024-2-20-mteDNA-NORM.eds,NA
PC-3,eDNA,MarBTN-mt88,2023-02-16,NA,0.50476861000061,4.26979160308838,1.83126401901245,8.58382606506348,6.97013568878174,10.4872550964355,NA,NA,NA,NA,NA,NA,NA,2024-02-15 13:31:30 PM PST,NA,2024-02-15 15:09:24 PM PST,NA,C:\Users\Administrator.pnri97rpk\Desktop\METZGER LAB\ZACH\2024-2-15-mteDNA\2024-2-15-mteDNA-CAN.eds,NA,C:\Users\Administrator.pnri97rpk\Desktop\METZGER LAB\ZACH\2024-2-15-mteDNA\2024-2-15-mteDNA-NORM.eds,NA
PC-3,eDNA,MarBTN-mt88,2023-04-20,NA,0,0,0,4.71417665481567,1.57455158233643,2.63168501853943,NA,NA,NA,NA,NA,NA,NA,2024-02-15 13:31:30 PM PST,NA,2024-02-15 15:09:24 PM PST,NA,C:\Users\Administrator.pnri97rpk\Desktop\METZGER LAB\ZACH\2024-2-15-mteDNA\2024-2-15-mteDNA-CAN.eds,NA,C:\Users\Administrator.pnri97rpk\Desktop\METZGER LAB\ZACH\2024-2-15-mteDNA\2024-2-15-mteDNA-NORM.eds,NA
PC-3,eDNA,MarBTN-mt88,2023-06-16,NA,0,0.0453917384147644,0.89845472574234,5217.84326171875,5494.85205078125,5618.53271484375,NA,NA,NA,NA,NA,NA,NA,2024-02-12 14:51:15 PM PST,NA,2024-02-12 16:26:48 PM PST,NA,C:\Users\Administrator.pnri97rpk\Desktop\METZGER LAB\ZACH\MarBTN-mtTestqPCR\2024-02-12-FULLTEST\2024-02-12-mtTESTCAN.eds,NA,C:\Users\Administrator.pnri97rpk\Desktop\METZGER LAB\ZACH\MarBTN-mtTestqPCR\2024-02-12-FULLTEST\2024-02-12-mtTESTNORM.eds,NA
PC-3,eDNA,MarBTN-mt88,2023-08-30,NA,0,0,0,1.68611490726471,2.6037540435791,4.08970022201538,NA,NA,NA,NA,NA,NA,NA,2024-02-15 13:31:30 PM PST,NA,2024-02-15 15:09:24 PM PST,NA,C:\Users\Administrator.pnri97rpk\Desktop\METZGER LAB\ZACH\2024-2-15-mteDNA\2024-2-15-mteDNA-CAN.eds,NA,C:\Users\Administrator.pnri97rpk\Desktop\METZGER LAB\ZACH\2024-2-15-mteDNA\2024-2-15-mteDNA-NORM.eds,NA
PC-3,eDNA,MarBTN-mt88,2023-10-30,NA,0.244528278708458,0,0.199184313416481,1.05245447158813,3.0839958190918,2.58969473838806,NA,NA,NA,NA,NA,NA,NA,2024-02-20 15:04:30 PM PST,NA,2024-02-20 16:38:34 PM PST,NA,C:\Users\Administrator.pnri97rpk\Desktop\METZGER LAB\ZACH\2024-2-20-mteDNA\2024-2-20-mteDNA-CAN.eds,NA,C:\Users\Administrator.pnri97rpk\Desktop\METZGER LAB\ZACH\2024-2-20-mteDNA\2024-2-20-mteDNA-NORM.eds,NA
PC-3,eDNA,MarBTN-mt88,2023-12-10,NA,5.99871015548706,4.51581430435181,2.36518430709839,10.1886501312256,11.8645753860474,5.75642967224121,NA,NA,NA,NA,NA,NA,NA,2024-02-20 15:04:30 PM PST,NA,2024-02-20 16:38:34 PM PST,NA,C:\Users\Administrator.pnri97rpk\Desktop\METZGER LAB\ZACH\2024-2-20-mteDNA\2024-2-20-mteDNA-CAN.eds,NA,C:\Users\Administrator.pnri97rpk\Desktop\METZGER LAB\ZACH\2024-2-20-mteDNA\2024-2-20-mteDNA-NORM.eds,NA
SB-1,eDNA,MarBTN-mt88,2020-10-13,NA,0,0,0,27.1903057098389,27.9391460418701,23.4071922302246,NA,NA,NA,NA,NA,NA,NA,2024-02-20 15:04:30 PM PST,NA,2024-02-20 16:38:34 PM PST,NA,C:\Users\Administrator.pnri97rpk\Desktop\METZGER LAB\ZACH\2024-2-20-mteDNA\2024-2-20-mteDNA-CAN.eds,NA,C:\Users\Administrator.pnri97rpk\Desktop\METZGER LAB\ZACH\2024-2-20-mteDNA\2024-2-20-mteDNA-NORM.eds,NA
SB-1,eDNA,MarBTN-mt88,2023-02-16,NA,0,0,0,0,0,0,NA,NA,NA,NA,NA,NA,NA,2024-02-15 13:31:30 PM PST,NA,2024-02-15 15:09:24 PM PST,NA,C:\Users\Administrator.pnri97rpk\Desktop\METZGER LAB\ZACH\2024-2-15-mteDNA\2024-2-15-mteDNA-CAN.eds,NA,C:\Users\Administrator.pnri97rpk\Desktop\METZGER LAB\ZACH\2024-2-15-mteDNA\2024-2-15-mteDNA-NORM.eds,NA
SB-1,eDNA,MarBTN-mt88,2023-04-10,NA,0,0,0,11.8446655273438,13.0366134643555,9.01969242095947,NA,NA,NA,NA,NA,NA,NA,2024-02-20 15:04:30 PM PST,NA,2024-02-20 16:38:34 PM PST,NA,C:\Users\Administrator.pnri97rpk\Desktop\METZGER LAB\ZACH\2024-2-20-mteDNA\2024-2-20-mteDNA-CAN.eds,NA,C:\Users\Administrator.pnri97rpk\Desktop\METZGER LAB\ZACH\2024-2-20-mteDNA\2024-2-20-mteDNA-NORM.eds,NA
SB-1,eDNA,MarBTN-mt88,2023-06-21,NA,0,0.434060722589493,0,3.05996894836426,5.30561971664429,8.00912952423096,NA,NA,NA,NA,NA,NA,NA,2024-02-12 14:51:15 PM PST,NA,2024-02-12 16:26:48 PM PST,NA,C:\Users\Administrator.pnri97rpk\Desktop\METZGER LAB\ZACH\MarBTN-mtTestqPCR\2024-02-12-FULLTEST\2024-02-12-mtTESTCAN.eds,NA,C:\Users\Administrator.pnri97rpk\Desktop\METZGER LAB\ZACH\MarBTN-mtTestqPCR\2024-02-12-FULLTEST\2024-02-12-mtTESTNORM.eds,NA
SB-1,eDNA,MarBTN-mt88,2023-08-30,NA,0,0,0,5.73040533065796,1.68443310260773,0.735683977603912,NA,NA,NA,NA,NA,NA,NA,2024-02-20 15:04:30 PM PST,NA,2024-02-20 16:38:34 PM PST,NA,C:\Users\Administrator.pnri97rpk\Desktop\METZGER LAB\ZACH\2024-2-20-mteDNA\2024-2-20-mteDNA-CAN.eds,NA,C:\Users\Administrator.pnri97rpk\Desktop\METZGER LAB\ZACH\2024-2-20-mteDNA\2024-2-20-mteDNA-NORM.eds,NA
SB-1,eDNA,MarBTN-mt88,2023-10-19,NA,0,0,0,0,1.9182356595993,1.0105117559433,NA,NA,NA,NA,NA,NA,NA,2024-02-20 15:04:30 PM PST,NA,2024-02-20 16:38:34 PM PST,NA,C:\Users\Administrator.pnri97rpk\Desktop\METZGER LAB\ZACH\2024-2-20-mteDNA\2024-2-20-mteDNA-CAN.eds,NA,C:\Users\Administrator.pnri97rpk\Desktop\METZGER LAB\ZACH\2024-2-20-mteDNA\2024-2-20-mteDNA-NORM.eds,NA
SB-1,eDNA,MarBTN-mt88,2023-12-11,NA,0,0,0,2.71877980232239,9.02014350891113,3.03018522262573,NA,NA,NA,NA,NA,NA,NA,2024-02-20 15:04:30 PM PST,NA,2024-02-20 16:38:34 PM PST,NA,C:\Users\Administrator.pnri97rpk\Desktop\METZGER LAB\ZACH\2024-2-20-mteDNA\2024-2-20-mteDNA-CAN.eds,NA,C:\Users\Administrator.pnri97rpk\Desktop\METZGER LAB\ZACH\2024-2-20-mteDNA\2024-2-20-mteDNA-NORM.eds,NA
SB-2,eDNA,MarBTN-mt88,2020-10-13,NA,0,0,0,13.7533321380615,15.4810438156128,23.9948043823242,NA,NA,NA,NA,NA,NA,NA,2024-02-20 15:04:30 PM PST,NA,2024-02-20 16:38:34 PM PST,NA,C:\Users\Administrator.pnri97rpk\Desktop\METZGER LAB\ZACH\2024-2-20-mteDNA\2024-2-20-mteDNA-CAN.eds,NA,C:\Users\Administrator.pnri97rpk\Desktop\METZGER LAB\ZACH\2024-2-20-mteDNA\2024-2-20-mteDNA-NORM.eds,NA
SB-2,eDNA,MarBTN-mt88,2023-02-16,NA,0,0,0,0,1.73737180233002,0,NA,NA,NA,NA,NA,NA,NA,2024-02-15 13:31:30 PM PST,NA,2024-02-15 15:09:24 PM PST,NA,C:\Users\Administrator.pnri97rpk\Desktop\METZGER LAB\ZACH\2024-2-15-mteDNA\2024-2-15-mteDNA-CAN.eds,NA,C:\Users\Administrator.pnri97rpk\Desktop\METZGER LAB\ZACH\2024-2-15-mteDNA\2024-2-15-mteDNA-NORM.eds,NA
SB-2,eDNA,MarBTN-mt88,2023-04-10,NA,0,0,0,7.07163619995117,12.6853132247925,20.0227794647217,NA,NA,NA,NA,NA,NA,NA,2024-02-20 15:04:30 PM PST,NA,2024-02-20 16:38:34 PM PST,NA,C:\Users\Administrator.pnri97rpk\Desktop\METZGER LAB\ZACH\2024-2-20-mteDNA\2024-2-20-mteDNA-CAN.eds,NA,C:\Users\Administrator.pnri97rpk\Desktop\METZGER LAB\ZACH\2024-2-20-mteDNA\2024-2-20-mteDNA-NORM.eds,NA
SB-2,eDNA,MarBTN-mt88,2023-06-21,NA,0.442306190729141,0,0.269386261701584,15.3608245849609,7.11141872406006,5.71689558029175,NA,NA,NA,NA,NA,NA,NA,2024-02-12 14:51:15 PM PST,NA,2024-02-12 16:26:48 PM PST,NA,C:\Users\Administrator.pnri97rpk\Desktop\METZGER LAB\ZACH\MarBTN-mtTestqPCR\2024-02-12-FULLTEST\2024-02-12-mtTESTCAN.eds,NA,C:\Users\Administrator.pnri97rpk\Desktop\METZGER LAB\ZACH\MarBTN-mtTestqPCR\2024-02-12-FULLTEST\2024-02-12-mtTESTNORM.eds,NA
SB-2,eDNA,MarBTN-mt88,2023-08-30,NA,0,0,0,10.2234678268433,1.35256278514862,2.3631534576416,NA,NA,NA,NA,NA,NA,NA,2024-02-20 15:04:30 PM PST,NA,2024-02-20 16:38:34 PM PST,NA,C:\Users\Administrator.pnri97rpk\Desktop\METZGER LAB\ZACH\2024-2-20-mteDNA\2024-2-20-mteDNA-CAN.eds,NA,C:\Users\Administrator.pnri97rpk\Desktop\METZGER LAB\ZACH\2024-2-20-mteDNA\2024-2-20-mteDNA-NORM.eds,NA
SB-2,eDNA,MarBTN-mt88,2023-10-19,NA,0,0,0,0,0,3.20792555809021,NA,NA,NA,NA,NA,NA,NA,2024-02-20 15:04:30 PM PST,NA,2024-02-20 16:38:34 PM PST,NA,C:\Users\Administrator.pnri97rpk\Desktop\METZGER LAB\ZACH\2024-2-20-mteDNA\2024-2-20-mteDNA-CAN.eds,NA,C:\Users\Administrator.pnri97rpk\Desktop\METZGER LAB\ZACH\2024-2-20-mteDNA\2024-2-20-mteDNA-NORM.eds,NA
SB-2,eDNA,MarBTN-mt88,2023-12-11,NA,0,0,0,2.18074822425842,3.61304903030396,2.97617530822754,NA,NA,NA,NA,NA,NA,NA,2024-02-20 15:04:30 PM PST,NA,2024-02-20 16:38:34 PM PST,NA,C:\Users\Administrator.pnri97rpk\Desktop\METZGER LAB\ZACH\2024-2-20-mteDNA\2024-2-20-mteDNA-CAN.eds,NA,C:\Users\Administrator.pnri97rpk\Desktop\METZGER LAB\ZACH\2024-2-20-mteDNA\2024-2-20-mteDNA-NORM.eds,NA
SB-3,eDNA,MarBTN-mt88,2023-02-16,NA,1.47654795646667,0,0,0,1.87195479869843,0,NA,NA,NA,NA,NA,NA,NA,2024-02-15 13:31:30 PM PST,NA,2024-02-15 15:09:24 PM PST,NA,C:\Users\Administrator.pnri97rpk\Desktop\METZGER LAB\ZACH\2024-2-15-mteDNA\2024-2-15-mteDNA-CAN.eds,NA,C:\Users\Administrator.pnri97rpk\Desktop\METZGER LAB\ZACH\2024-2-15-mteDNA\2024-2-15-mteDNA-NORM.eds,NA
SB-3,eDNA,MarBTN-mt88,2023-04-10,NA,0,2.31038117408752,0,21.693078994751,2.45024085044861,9.93954944610596,NA,NA,NA,NA,NA,NA,NA,2024-02-20 15:04:30 PM PST,NA,2024-02-20 16:38:34 PM PST,NA,C:\Users\Administrator.pnri97rpk\Desktop\METZGER LAB\ZACH\2024-2-20-mteDNA\2024-2-20-mteDNA-CAN.eds,NA,C:\Users\Administrator.pnri97rpk\Desktop\METZGER LAB\ZACH\2024-2-20-mteDNA\2024-2-20-mteDNA-NORM.eds,NA
SB-3,eDNA,MarBTN-mt88,2023-06-21,NA,0.288416683673859,0.367005169391632,0,4.86458587646484,7.63726568222046,6.02786731719971,NA,NA,NA,NA,NA,NA,NA,2024-02-12 14:51:15 PM PST,NA,2024-02-12 16:26:48 PM PST,NA,C:\Users\Administrator.pnri97rpk\Desktop\METZGER LAB\ZACH\MarBTN-mtTestqPCR\2024-02-12-FULLTEST\2024-02-12-mtTESTCAN.eds,NA,C:\Users\Administrator.pnri97rpk\Desktop\METZGER LAB\ZACH\MarBTN-mtTestqPCR\2024-02-12-FULLTEST\2024-02-12-mtTESTNORM.eds,NA
SB-3,eDNA,MarBTN-mt88,2023-08-30,NA,0,0,0,3.69100284576416,18.2944850921631,11.1585121154785,NA,NA,NA,NA,NA,NA,NA,2024-02-20 15:04:30 PM PST,NA,2024-02-20 16:38:34 PM PST,NA,C:\Users\Administrator.pnri97rpk\Desktop\METZGER LAB\ZACH\2024-2-20-mteDNA\2024-2-20-mteDNA-CAN.eds,NA,C:\Users\Administrator.pnri97rpk\Desktop\METZGER LAB\ZACH\2024-2-20-mteDNA\2024-2-20-mteDNA-NORM.eds,NA
SB-3,eDNA,MarBTN-mt88,2023-10-19,NA,0,0,0,1.65561354160309,1.42930006980896,3.32871413230896,NA,NA,NA,NA,NA,NA,NA,2024-02-20 15:04:30 PM PST,NA,2024-02-20 16:38:34 PM PST,NA,C:\Users\Administrator.pnri97rpk\Desktop\METZGER LAB\ZACH\2024-2-20-mteDNA\2024-2-20-mteDNA-CAN.eds,NA,C:\Users\Administrator.pnri97rpk\Desktop\METZGER LAB\ZACH\2024-2-20-mteDNA\2024-2-20-mteDNA-NORM.eds,NA
SK-1,eDNA,MarBTN-mt88,2023-07-06,NA,0,0,0,11.9589738845825,12.0567903518677,19.3281497955322,NA,NA,NA,NA,NA,NA,NA,2024-02-15 13:31:30 PM PST,NA,2024-02-15 15:09:24 PM PST,NA,C:\Users\Administrator.pnri97rpk\Desktop\METZGER LAB\ZACH\2024-2-15-mteDNA\2024-2-15-mteDNA-CAN.eds,NA,C:\Users\Administrator.pnri97rpk\Desktop\METZGER LAB\ZACH\2024-2-15-mteDNA\2024-2-15-mteDNA-NORM.eds,NA
SK-2,eDNA,MarBTN-mt88,2023-07-06,NA,0,0,0,15.6930255889893,16.1503047943115,17.9977779388428,NA,NA,NA,NA,NA,NA,NA,2024-02-15 13:31:30 PM PST,NA,2024-02-15 15:09:24 PM PST,NA,C:\Users\Administrator.pnri97rpk\Desktop\METZGER LAB\ZACH\2024-2-15-mteDNA\2024-2-15-mteDNA-CAN.eds,NA,C:\Users\Administrator.pnri97rpk\Desktop\METZGER LAB\ZACH\2024-2-15-mteDNA\2024-2-15-mteDNA-NORM.eds,NA
SK-3,eDNA,MarBTN-mt88,2023-07-06,NA,0,0,0,7.95568370819092,13.9555997848511,12.304178237915,NA,NA,NA,NA,NA,NA,NA,2024-02-15 13:31:30 PM PST,NA,2024-02-15 15:09:24 PM PST,NA,C:\Users\Administrator.pnri97rpk\Desktop\METZGER LAB\ZACH\2024-2-15-mteDNA\2024-2-15-mteDNA-CAN.eds,NA,C:\Users\Administrator.pnri97rpk\Desktop\METZGER LAB\ZACH\2024-2-15-mteDNA\2024-2-15-mteDNA-NORM.eds,NA
SM-1,eDNA,MarBTN-mt88,2023-05-19,NA,0,0,0,5.27969551086426,4.30338478088379,6.28077411651611,NA,NA,NA,NA,NA,NA,NA,2024-02-15 13:31:30 PM PST,NA,2024-02-15 15:09:24 PM PST,NA,C:\Users\Administrator.pnri97rpk\Desktop\METZGER LAB\ZACH\2024-2-15-mteDNA\2024-2-15-mteDNA-CAN.eds,NA,C:\Users\Administrator.pnri97rpk\Desktop\METZGER LAB\ZACH\2024-2-15-mteDNA\2024-2-15-mteDNA-NORM.eds,NA
SM-2,eDNA,MarBTN-mt88,2023-05-19,NA,0,0,0,2.02607870101929,6.32502412796021,2.73410177230835,NA,NA,NA,NA,NA,NA,NA,2024-02-15 13:31:30 PM PST,NA,2024-02-15 15:09:24 PM PST,NA,C:\Users\Administrator.pnri97rpk\Desktop\METZGER LAB\ZACH\2024-2-15-mteDNA\2024-2-15-mteDNA-CAN.eds,NA,C:\Users\Administrator.pnri97rpk\Desktop\METZGER LAB\ZACH\2024-2-15-mteDNA\2024-2-15-mteDNA-NORM.eds,NA
SM-3,eDNA,MarBTN-mt88,2023-05-19,NA,0,0,0,4.08956575393677,4.24498081207275,2.91812515258789,NA,NA,NA,NA,NA,NA,NA,2024-02-15 13:31:30 PM PST,NA,2024-02-15 15:09:24 PM PST,NA,C:\Users\Administrator.pnri97rpk\Desktop\METZGER LAB\ZACH\2024-2-15-mteDNA\2024-2-15-mteDNA-CAN.eds,NA,C:\Users\Administrator.pnri97rpk\Desktop\METZGER LAB\ZACH\2024-2-15-mteDNA\2024-2-15-mteDNA-NORM.eds,NA
TC-1,eDNA,MarBTN-mt88,2023-05-10,NA,895.440795898438,629.644897460938,871.661926269531,1487.35327148438,1525.63342285156,1442.40087890625,NA,NA,NA,NA,NA,NA,NA,2024-02-12 14:51:15 PM PST,NA,2024-02-12 16:26:48 PM PST,NA,C:\Users\Administrator.pnri97rpk\Desktop\METZGER LAB\ZACH\MarBTN-mtTestqPCR\2024-02-12-FULLTEST\2024-02-12-mtTESTCAN.eds,NA,C:\Users\Administrator.pnri97rpk\Desktop\METZGER LAB\ZACH\MarBTN-mtTestqPCR\2024-02-12-FULLTEST\2024-02-12-mtTESTNORM.eds,NA
TC-2,eDNA,MarBTN-mt88,2023-05-10,NA,573.287353515625,572.362670898438,612.957153320312,1048.18762207031,974.727783203125,937.117248535156,NA,NA,NA,NA,NA,NA,NA,2024-02-12 14:51:15 PM PST,NA,2024-02-12 16:26:48 PM PST,NA,C:\Users\Administrator.pnri97rpk\Desktop\METZGER LAB\ZACH\MarBTN-mtTestqPCR\2024-02-12-FULLTEST\2024-02-12-mtTESTCAN.eds,NA,C:\Users\Administrator.pnri97rpk\Desktop\METZGER LAB\ZACH\MarBTN-mtTestqPCR\2024-02-12-FULLTEST\2024-02-12-mtTESTNORM.eds,NA
TC-3,eDNA,MarBTN-mt88,2023-05-10,NA,708.181335449219,575.17919921875,558.850402832031,1048.59228515625,1074.97961425781,1070.22033691406,NA,NA,NA,NA,NA,NA,NA,2024-02-12 14:51:15 PM PST,NA,2024-02-12 16:26:48 PM PST,NA,C:\Users\Administrator.pnri97rpk\Desktop\METZGER LAB\ZACH\MarBTN-mtTestqPCR\2024-02-12-FULLTEST\2024-02-12-mtTESTCAN.eds,NA,C:\Users\Administrator.pnri97rpk\Desktop\METZGER LAB\ZACH\MarBTN-mtTestqPCR\2024-02-12-FULLTEST\2024-02-12-mtTESTNORM.eds,NA
WP-1,eDNA,MarBTN-mt88,2023-06-06,NA,0,0,0.656447947025299,3.22608184814453,0,2.8185758590698202,NA,NA,NA,NA,NA,NA,NA,2024-02-12 14:51:15 PM PST,NA,2024-02-12 16:26:48 PM PST,NA,C:\Users\Administrator.pnri97rpk\Desktop\METZGER LAB\ZACH\MarBTN-mtTestqPCR\2024-02-12-FULLTEST\2024-02-12-mtTESTCAN.eds,NA,C:\Users\Administrator.pnri97rpk\Desktop\METZGER LAB\ZACH\MarBTN-mtTestqPCR\2024-02-12-FULLTEST\2024-02-12-mtTESTNORM.eds,NA
WP-2,eDNA,MarBTN-mt88,2023-06-06,NA,0.693507432937622,0,0.812294006347656,1.479456782341,4.12365818023682,2.62292695045471,NA,NA,NA,NA,NA,NA,NA,2024-02-12 14:51:15 PM PST,NA,2024-02-12 16:26:48 PM PST,NA,C:\Users\Administrator.pnri97rpk\Desktop\METZGER LAB\ZACH\MarBTN-mtTestqPCR\2024-02-12-FULLTEST\2024-02-12-mtTESTCAN.eds,NA,C:\Users\Administrator.pnri97rpk\Desktop\METZGER LAB\ZACH\MarBTN-mtTestqPCR\2024-02-12-FULLTEST\2024-02-12-mtTESTNORM.eds,NA
WP-3,eDNA,MarBTN-mt88,2023-06-06,NA,1.50744485855103,0,0,0,2.86560273170471,1.67967402935028,NA,NA,NA,NA,NA,NA,NA,2024-02-12 14:51:15 PM PST,NA,2024-02-12 16:26:48 PM PST,NA,C:\Users\Administrator.pnri97rpk\Desktop\METZGER LAB\ZACH\MarBTN-mtTestqPCR\2024-02-12-FULLTEST\2024-02-12-mtTESTCAN.eds,NA,C:\Users\Administrator.pnri97rpk\Desktop\METZGER LAB\ZACH\MarBTN-mtTestqPCR\2024-02-12-FULLTEST\2024-02-12-mtTESTNORM.eds,NA
